,0
0,0x81
1,0x81
2,0x81
3,0x81
4,0x81
5,0x81
6,0x81
7,0x81
8,0x81
9,0x81
10,0x81
11,0x7a
12,0x80
13,0x88
14,0x85
15,0x84
16,0x89
17,0x82
18,0x81
19,0x8a
20,0x82
21,0x7e
22,0x86
23,0x82
24,0x79
25,0x72
26,0x60
27,0x5b
28,0x61
29,0x3f
30,0x14
31,0x49
32,0xa2
33,0x78
34,0x14
35,0x2d
36,0x93
37,0xda
38,0xfc
39,0xfc
40,0xe7
41,0xd1
42,0xa6
43,0x87
44,0x62
45,0x29
46,0x34
47,0x22
48,0x3
49,0x3
50,0x33
51,0x4d
52,0xd5
53,0xfc
54,0xfc
55,0x89
56,0x8b
57,0xf7
58,0xd9
59,0x7e
60,0x60
61,0x53
62,0x1f
63,0x3
64,0x3
65,0x3
66,0x3
67,0xb6
68,0xea
69,0x73
70,0x1e
71,0x92
72,0xec
73,0xab
74,0x7e
75,0xcf
76,0xdf
77,0x67
78,0x2c
79,0x45
80,0x1b
81,0x3
82,0x6c
83,0xc5
84,0x9a
85,0x76
86,0x94
87,0x80
88,0x69
89,0x99
90,0x88
91,0x6f
92,0xf6
93,0xf6
94,0x3
95,0x3
96,0x8b
97,0x76
98,0x35
99,0xc2
100,0xc3
101,0x45
102,0x3c
103,0x4c
104,0x8d
105,0xfc
106,0xfc
107,0xfc
108,0xd6
109,0x5b
110,0x67
111,0xba
112,0xab
113,0xd4
114,0xd7
115,0x28
116,0x3
117,0x1b
118,0xb7
119,0xf3
120,0xb1
121,0x72
122,0x69
123,0x45
124,0xa9
125,0xfc
126,0xcf
127,0x6f
128,0xb2
129,0xa3
130,0x70
131,0x7e
132,0x5a
133,0x44
134,0x79
135,0xb4
136,0xac
137,0x6b
138,0x75
139,0x97
140,0x58
141,0x71
142,0xc8
143,0x61
144,0x17
145,0x88
146,0xe0
147,0xe2
148,0xd5
149,0x8e
150,0x62
151,0x79
152,0x8e
153,0x9e
154,0xb4
155,0xc6
156,0xa2
157,0x19
158,0x3
159,0x2a
160,0x6a
161,0x60
162,0x64
163,0x67
164,0x62
165,0x72
166,0x93
167,0x8d
168,0x40
169,0x41
170,0xb9
171,0xd2
172,0x9a
173,0x9b
174,0x84
175,0x67
176,0x89
177,0x79
178,0x50
179,0x6f
180,0x9e
181,0xbd
182,0xa2
183,0x46
184,0x56
185,0xb9
186,0xa5
187,0x60
188,0x4d
189,0x1e
190,0x12
191,0x53
192,0x87
193,0xa4
194,0xbb
195,0xa8
196,0x94
197,0x89
198,0x5c
199,0x36
200,0x2a
201,0x2f
202,0x76
203,0xb7
204,0x7a
205,0x2f
206,0x71
207,0xcc
208,0xc3
209,0xa6
210,0xa7
211,0xa1
212,0x92
213,0x8c
214,0x81
215,0x6c
216,0x64
217,0x71
218,0x97
219,0x9d
220,0x5a
221,0xe
222,0xa
223,0x3f
224,0x7c
225,0x97
226,0x9b
227,0xa5
228,0x9c
229,0x70
230,0x64
231,0x7c
232,0x88
233,0x8e
234,0x91
235,0x70
236,0x61
237,0x8f
238,0xb3
239,0xab
240,0xa3
241,0x9d
242,0x8d
243,0x86
244,0x90
245,0x9c
246,0xa8
247,0x9b
248,0x7b
249,0x74
250,0x84
251,0x8c
252,0x83
253,0x67
254,0x58
255,0x69
256,0x6a
257,0x67
258,0x7f
259,0x84
260,0x86
261,0xac
262,0xbd
263,0xae
264,0xae
265,0x9a
266,0x8a
267,0xa4
268,0x77
269,0x18
270,0x20
271,0x8b
272,0xcf
273,0xc6
274,0x89
275,0x57
276,0x71
277,0x9f
278,0x96
279,0x86
280,0x7a
281,0x64
282,0x5d
283,0x5a
284,0x4f
285,0x69
286,0x92
287,0x9d
288,0x86
289,0x51
290,0x37
291,0x4d
292,0x5f
293,0x78
294,0x8f
295,0x71
296,0x6e
297,0xa1
298,0xad
299,0x9c
300,0x8d
301,0x90
302,0xb8
303,0xb5
304,0x92
305,0x9c
306,0x83
307,0x57
308,0x67
309,0x64
310,0x61
311,0x70
312,0x44
313,0x56
314,0xab
315,0x8f
316,0x5e
317,0x83
318,0xa8
319,0xbc
320,0x87
321,0x2a
322,0x5b
323,0x99
324,0x5c
325,0x63
326,0x9b
327,0x85
328,0x74
329,0x63
330,0x5d
331,0x9a
332,0x97
333,0x61
334,0x88
335,0xa7
336,0x86
337,0x97
338,0xaf
339,0x93
340,0x75
341,0x59
342,0x5b
343,0x76
344,0x75
345,0x72
346,0x71
347,0x4a
348,0x54
349,0xa6
350,0xc9
351,0xb3
352,0x98
353,0x81
354,0x86
355,0xa8
356,0xb6
357,0x9a
358,0x71
359,0x65
360,0x5f
361,0x4d
362,0x62
363,0x8d
364,0x9e
365,0xb8
366,0xb0
367,0x70
368,0x71
369,0x93
370,0x7c
371,0x76
372,0x8f
373,0x84
374,0x75
375,0x66
376,0x67
377,0x9f
378,0xbc
379,0x9a
380,0x5e
381,0x31
382,0x42
383,0x7b
384,0x84
385,0x7e
386,0xa0
387,0xad
388,0x9d
389,0x88
390,0x72
391,0x69
392,0x77
393,0x90
394,0xa5
395,0xa0
396,0x72
397,0x66
398,0x98
399,0xa6
400,0x89
401,0x8e
402,0x6f
403,0x38
404,0x6c
405,0xa0
406,0x6d
407,0x64
408,0x6f
409,0x4b
410,0x5b
411,0x7e
412,0x7f
413,0x88
414,0x7a
415,0x71
416,0x96
417,0x80
418,0x55
419,0x64
420,0x79
421,0x95
422,0x9a
423,0x69
424,0x70
425,0x82
426,0x4f
427,0x51
428,0x8d
429,0xad
430,0xc2
431,0xb8
432,0x90
433,0x7c
434,0x5f
435,0x4c
436,0x68
437,0x82
438,0xa2
439,0xa6
440,0x60
441,0x55
442,0x92
443,0x95
444,0x77
445,0x69
446,0x63
447,0x8c
448,0xa7
449,0x70
450,0x64
451,0xa9
452,0xad
453,0x63
454,0x49
455,0x75
456,0xa1
457,0xa1
458,0x89
459,0x80
460,0x7a
461,0x5d
462,0x5f
463,0x8d
464,0xa7
465,0xa0
466,0x8f
467,0x84
468,0x87
469,0x73
470,0x51
471,0x7b
472,0xbb
473,0x99
474,0x49
475,0x3a
476,0x5f
477,0x80
478,0x84
479,0x83
480,0x85
481,0x88
482,0x8f
483,0x80
484,0x6a
485,0x77
486,0x82
487,0x72
488,0x7f
489,0x97
490,0x88
491,0x6c
492,0x6d
493,0x83
494,0x84
495,0x64
496,0x5c
497,0x68
498,0x6f
499,0x94
500,0xac
501,0x90
502,0x82
503,0x87
504,0x6f
505,0x59
506,0x68
507,0x83
508,0x86
509,0x6b
510,0x61
511,0x77
512,0x7b
513,0x78
514,0x88
515,0x87
516,0x7e
517,0x76
518,0x5c
519,0x55
520,0x74
521,0x85
522,0x82
523,0x8a
524,0x7c
525,0x54
526,0x4e
527,0x72
528,0x9d
529,0xa6
530,0x7e
531,0x62
532,0x79
533,0x85
534,0x62
535,0x53
536,0x73
537,0x8d
538,0x85
539,0x76
540,0x68
541,0x57
542,0x6e
543,0xa0
544,0xa0
545,0x7b
546,0x69
547,0x5f
548,0x76
549,0xb6
550,0xb0
551,0x57
552,0x45
553,0x79
554,0x7d
555,0x60
556,0x63
557,0x7b
558,0x85
559,0x7e
560,0x77
561,0x79
562,0x80
563,0x82
564,0x86
565,0x9b
566,0xa1
567,0x7f
568,0x60
569,0x6d
570,0x85
571,0x82
572,0x6b
573,0x5b
574,0x61
575,0x63
576,0x70
577,0x99
578,0xa3
579,0x90
580,0xa4
581,0xad
582,0x8b
583,0x7f
584,0x76
585,0x62
586,0x6f
587,0x7d
588,0x74
589,0x6c
590,0x63
591,0x62
592,0x76
593,0x8d
594,0x9e
595,0x96
596,0x8a
597,0x8b
598,0x79
599,0x5e
600,0x64
601,0x7c
602,0x99
603,0xa5
604,0x8b
605,0x73
606,0x67
607,0x5b
608,0x70
609,0x85
610,0x7f
611,0x87
612,0x86
613,0x85
614,0x92
615,0x74
616,0x53
617,0x6b
618,0x78
619,0x7a
620,0x93
621,0x9b
622,0x8c
623,0x7f
624,0x81
625,0x96
626,0x7d
627,0x63
628,0x8d
629,0x96
630,0x73
631,0x7a
632,0x77
633,0x68
634,0x8e
635,0xa6
636,0x96
637,0x90
638,0x8a
639,0x80
640,0x80
641,0x8d
642,0x9b
643,0x73
644,0x41
645,0x5f
646,0x81
647,0x71
648,0x66
649,0x6f
650,0x86
651,0xa2
652,0x8b
653,0x70
654,0x88
655,0x9e
656,0x9b
657,0x98
658,0x80
659,0x76
660,0x86
661,0x83
662,0x6b
663,0x71
664,0x84
665,0x74
666,0x5c
667,0x6e
668,0x93
669,0x8f
670,0x7f
671,0x86
672,0x8e
673,0x8b
674,0x83
675,0x84
676,0x8a
677,0x8d
678,0x7c
679,0x68
680,0x61
681,0x6c
682,0x77
683,0x74
684,0x7d
685,0x98
686,0x92
687,0x76
688,0x80
689,0x96
690,0x84
691,0x6b
692,0x75
693,0x89
694,0x7b
695,0x63
696,0x7c
697,0x97
698,0x88
699,0x86
700,0x92
701,0x93
702,0xa6
703,0xa1
704,0x6c
705,0x63
706,0x80
707,0x76
708,0x70
709,0x8b
710,0x9c
711,0x95
712,0x87
713,0x8c
714,0x8c
715,0x7c
716,0x7c
717,0x87
718,0x82
719,0x87
720,0x7f
721,0x63
722,0x67
723,0x8b
724,0x96
725,0x8f
726,0x89
727,0x94
728,0x96
729,0x7f
730,0x7e
731,0x92
732,0x87
733,0x79
734,0x87
735,0x8d
736,0x77
737,0x63
738,0x6e
739,0x86
740,0x97
741,0x90
742,0x76
743,0x6f
744,0x7c
745,0x79
746,0x7d
747,0x98
748,0x90
749,0x6f
750,0x6d
751,0x7b
752,0x7a
753,0x71
754,0x6c
755,0x7d
756,0x8c
757,0x89
758,0x77
759,0x5a
760,0x5b
761,0x81
762,0x86
763,0x76
764,0x79
765,0x6a
766,0x60
767,0x71
768,0x80
769,0x89
770,0x8e
771,0x88
772,0x8c
773,0x90
774,0x8b
775,0x79
776,0x64
777,0x6a
778,0x7e
779,0x67
780,0x4b
781,0x4d
782,0x57
783,0x70
784,0x82
785,0x73
786,0x83
787,0xa3
788,0x91
789,0x79
790,0x71
791,0x76
792,0x8c
793,0x7b
794,0x47
795,0x43
796,0x55
797,0x5a
798,0x77
799,0x85
800,0x7a
801,0x88
802,0x9a
803,0x97
804,0x95
805,0x77
806,0x4a
807,0x4b
808,0x60
809,0x6e
810,0x82
811,0x7e
812,0x6e
813,0x7e
814,0x8c
815,0x82
816,0x80
817,0x7e
818,0x80
819,0x7e
820,0x5c
821,0x59
822,0x8f
823,0x9d
824,0x8a
825,0x9c
826,0xa0
827,0x85
828,0x7f
829,0x7c
830,0x72
831,0x84
832,0x96
833,0x85
834,0x70
835,0x6a
836,0x67
837,0x70
838,0x80
839,0x8d
840,0x90
841,0x83
842,0x8b
843,0x91
844,0x7d
845,0x86
846,0xa4
847,0x9e
848,0x8c
849,0x7e
850,0x63
851,0x66
852,0x7c
853,0x76
854,0x6c
855,0x69
856,0x62
857,0x74
858,0x85
859,0x7a
860,0x7a
861,0x81
862,0x89
863,0x9a
864,0x91
865,0x7d
866,0x87
867,0x81
868,0x69
869,0x76
870,0x7a
871,0x64
872,0x6b
873,0x83
874,0x8f
875,0x95
876,0x92
877,0x81
878,0x77
879,0x81
880,0x8d
881,0x84
882,0x80
883,0x92
884,0x96
885,0x89
886,0x7e
887,0x7a
888,0x87
889,0x9b
890,0x91
891,0x82
892,0x7d
893,0x72
894,0x74
895,0x89
896,0x83
897,0x77
898,0x7d
899,0x7c
900,0x7b
901,0x8b
902,0x9d
903,0xa8
904,0xa6
905,0x95
906,0x80
907,0x71
908,0x65
909,0x5d
910,0x5f
911,0x71
912,0x77
913,0x72
914,0x8c
915,0xa4
916,0x99
917,0x93
918,0x9c
919,0x9f
920,0xaa
921,0xa6
922,0x87
923,0x75
924,0x84
925,0x90
926,0x85
927,0x6b
928,0x5f
929,0x74
930,0x87
931,0x88
932,0x86
933,0x8a
934,0x94
935,0x8c
936,0x77
937,0x73
938,0x80
939,0x8b
940,0x8f
941,0x88
942,0x87
943,0x8e
944,0x87
945,0x81
946,0x7e
947,0x79
948,0x75
949,0x73
950,0x72
951,0x77
952,0x7a
953,0x7b
954,0x79
955,0x80
956,0x8d
957,0x84
958,0x6f
959,0x78
960,0x95
961,0xa1
962,0xa2
963,0x96
964,0x84
965,0x77
966,0x73
967,0x74
968,0x6b
969,0x5f
970,0x6c
971,0x7c
972,0x88
973,0x99
974,0x95
975,0x8c
976,0x9a
977,0x97
978,0x7b
979,0x70
980,0x7e
981,0x8d
982,0x83
983,0x66
984,0x65
985,0x73
986,0x7e
987,0x88
988,0x83
989,0x7e
990,0x87
991,0x79
992,0x75
993,0x91
994,0x93
995,0x79
996,0x78
997,0x7a
998,0x7d
999,0x7d
1000,0x74
1001,0x73
1002,0x7c
1003,0x82
1004,0x87
1005,0x7f
1006,0x79
1007,0x8a
1008,0x8a
1009,0x72
1010,0x6f
1011,0x6f
1012,0x69
1013,0x72
1014,0x7f
1015,0x86
1016,0x8d
1017,0x8e
1018,0x92
1019,0x95
1020,0x84
1021,0x70
1022,0x6a
1023,0x6e
1024,0x75
1025,0x74
1026,0x6b
1027,0x71
1028,0x87
1029,0x8d
1030,0x85
1031,0x84
1032,0x8c
1033,0x8d
1034,0x8d
1035,0x98
1036,0x9d
1037,0x94
1038,0x87
1039,0x7f
1040,0x7b
1041,0x73
1042,0x6b
1043,0x68
1044,0x68
1045,0x6d
1046,0x80
1047,0x88
1048,0x80
1049,0x84
1050,0x87
1051,0x81
1052,0x83
1053,0x8a
1054,0x8d
1055,0x84
1056,0x73
1057,0x73
1058,0x8c
1059,0x94
1060,0x82
1061,0x7b
1062,0x85
1063,0x86
1064,0x7a
1065,0x6b
1066,0x65
1067,0x70
1068,0x81
1069,0x88
1070,0x86
1071,0x81
1072,0x73
1073,0x66
1074,0x6c
1075,0x7f
1076,0x88
1077,0x7e
1078,0x7a
1079,0x7d
1080,0x74
1081,0x71
1082,0x81
1083,0x8e
1084,0x8d
1085,0x83
1086,0x77
1087,0x71
1088,0x75
1089,0x78
1090,0x81
1091,0x8a
1092,0x8d
1093,0x8f
1094,0x8b
1095,0x7d
1096,0x7d
1097,0x84
1098,0x7d
1099,0x7e
1100,0x87
1101,0x82
1102,0x7a
1103,0x73
1104,0x72
1105,0x85
1106,0x90
1107,0x89
1108,0x8d
1109,0x90
1110,0x89
1111,0x8a
1112,0x8b
1113,0x84
1114,0x83
1115,0x89
1116,0x91
1117,0x91
1118,0x86
1119,0x7b
1120,0x7c
1121,0x83
1122,0x8b
1123,0x89
1124,0x80
1125,0x81
1126,0x8b
1127,0x8a
1128,0x80
1129,0x81
1130,0x8c
1131,0x86
1132,0x71
1133,0x6f
1134,0x78
1135,0x77
1136,0x7b
1137,0x89
1138,0x82
1139,0x72
1140,0x76
1141,0x82
1142,0x84
1143,0x7f
1144,0x71
1145,0x64
1146,0x71
1147,0x85
1148,0x87
1149,0x7e
1150,0x77
1151,0x7b
1152,0x86
1153,0x88
1154,0x7e
1155,0x76
1156,0x73
1157,0x7c
1158,0x83
1159,0x7d
1160,0x73
1161,0x77
1162,0x7a
1163,0x7b
1164,0x80
1165,0x83
1166,0x89
1167,0x93
1168,0x96
1169,0x92
1170,0x93
1171,0x93
1172,0x89
1173,0x83
1174,0x7f
1175,0x81
1176,0x82
1177,0x82
1178,0x79
1179,0x77
1180,0x73
1181,0x70
1182,0x7e
1183,0x89
1184,0x81
1185,0x78
1186,0x7a
1187,0x7f
1188,0x8b
1189,0x91
1190,0x92
1191,0x91
1192,0x8a
1193,0x7d
1194,0x74
1195,0x6e
1196,0x74
1197,0x7d
1198,0x7a
1199,0x70
1200,0x69
1201,0x66
1202,0x74
1203,0x86
1204,0x8b
1205,0x84
1206,0x7f
1207,0x78
1208,0x76
1209,0x81
1210,0x80
1211,0x6f
1212,0x62
1213,0x63
1214,0x71
1215,0x7c
1216,0x80
1217,0x86
1218,0x80
1219,0x77
1220,0x83
1221,0x92
1222,0x8b
1223,0x81
1224,0x83
1225,0x88
1226,0x81
1227,0x76
1228,0x70
1229,0x72
1230,0x78
1231,0x79
1232,0x79
1233,0x77
1234,0x7c
1235,0x7c
1236,0x78
1237,0x78
1238,0x81
1239,0x87
1240,0x84
1241,0x7f
1242,0x83
1243,0x84
1244,0x84
1245,0x8f
1246,0x95
1247,0x86
1248,0x7c
1249,0x8b
1250,0x90
1251,0x85
1252,0x72
1253,0x67
1254,0x71
1255,0x85
1256,0x93
1257,0x9a
1258,0x96
1259,0x8f
1260,0x86
1261,0x85
1262,0x92
1263,0x98
1264,0x94
1265,0x95
1266,0x90
1267,0x85
1268,0x7c
1269,0x74
1270,0x73
1271,0x79
1272,0x76
1273,0x6d
1274,0x76
1275,0x83
1276,0x87
1277,0x88
1278,0x8b
1279,0x8e
1280,0x8e
1281,0x84
1282,0x7c
1283,0x77
1284,0x74
1285,0x7d
1286,0x83
1287,0x7f
1288,0x7f
1289,0x86
1290,0x8c
1291,0x8f
1292,0x8b
1293,0x86
1294,0x8c
1295,0x8f
1296,0x87
1297,0x86
1298,0x93
1299,0x94
1300,0x8d
1301,0x8e
1302,0x8c
1303,0x82
1304,0x7e
1305,0x7e
1306,0x80
1307,0x82
1308,0x85
1309,0x85
1310,0x7f
1311,0x77
1312,0x7e
1313,0x8a
1314,0x90
1315,0x91
1316,0x88
1317,0x82
1318,0x86
1319,0x86
1320,0x7d
1321,0x79
1322,0x79
1323,0x79
1324,0x87
1325,0x8f
1326,0x82
1327,0x78
1328,0x79
1329,0x7c
1330,0x83
1331,0x86
1332,0x82
1333,0x7f
1334,0x82
1335,0x82
1336,0x7e
1337,0x7e
1338,0x89
1339,0x98
1340,0x92
1341,0x81
1342,0x7e
1343,0x80
1344,0x77
1345,0x70
1346,0x70
1347,0x70
1348,0x74
1349,0x73
1350,0x72
1351,0x7b
1352,0x8a
1353,0x93
1354,0x8f
1355,0x7c
1356,0x77
1357,0x7b
1358,0x74
1359,0x71
1360,0x77
1361,0x76
1362,0x73
1363,0x7a
1364,0x79
1365,0x7b
1366,0x7c
1367,0x78
1368,0x7e
1369,0x8d
1370,0x8e
1371,0x83
1372,0x76
1373,0x72
1374,0x7c
1375,0x7b
1376,0x74
1377,0x7a
1378,0x7d
1379,0x77
1380,0x7a
1381,0x84
1382,0x80
1383,0x79
1384,0x73
1385,0x77
1386,0x7a
1387,0x74
1388,0x71
1389,0x76
1390,0x7b
1391,0x8a
1392,0x90
1393,0x85
1394,0x80
1395,0x7f
1396,0x7d
1397,0x85
1398,0x8d
1399,0x8b
1400,0x7d
1401,0x74
1402,0x79
1403,0x7e
1404,0x78
1405,0x73
1406,0x72
1407,0x77
1408,0x85
1409,0x8a
1410,0x7d
1411,0x80
1412,0x85
1413,0x7c
1414,0x7f
1415,0x86
1416,0x7b
1417,0x73
1418,0x6d
1419,0x68
1420,0x75
1421,0x7d
1422,0x7a
1423,0x77
1424,0x6e
1425,0x6b
1426,0x79
1427,0x82
1428,0x80
1429,0x83
1430,0x7e
1431,0x79
1432,0x7f
1433,0x7b
1434,0x71
1435,0x72
1436,0x79
1437,0x7c
1438,0x7d
1439,0x7a
1440,0x75
1441,0x77
1442,0x79
1443,0x7a
1444,0x7a
1445,0x71
1446,0x6e
1447,0x79
1448,0x86
1449,0x83
1450,0x7e
1451,0x79
1452,0x76
1453,0x7f
1454,0x89
1455,0x8a
1456,0x86
1457,0x7c
1458,0x7b
1459,0x7d
1460,0x7d
1461,0x84
1462,0x8c
1463,0x88
1464,0x88
1465,0x8a
1466,0x83
1467,0x84
1468,0x82
1469,0x7d
1470,0x7e
1471,0x7e
1472,0x7e
1473,0x7e
1474,0x7e
1475,0x80
1476,0x83
1477,0x7c
1478,0x77
1479,0x7a
1480,0x79
1481,0x76
1482,0x7c
1483,0x7b
1484,0x6e
1485,0x6a
1486,0x76
1487,0x81
1488,0x85
1489,0x8a
1490,0x8b
1491,0x85
1492,0x86
1493,0x8b
1494,0x8b
1495,0x86
1496,0x87
1497,0x82
1498,0x78
1499,0x70
1500,0x76
1501,0x7d
1502,0x82
1503,0x7f
1504,0x78
1505,0x73
1506,0x77
1507,0x84
1508,0x91
1509,0x92
1510,0x8c
1511,0x86
1512,0x81
1513,0x7e
1514,0x84
1515,0x84
1516,0x82
1517,0x7f
1518,0x7f
1519,0x7d
1520,0x77
1521,0x7b
1522,0x91
1523,0x9d
1524,0x9c
1525,0x9c
1526,0x93
1527,0x88
1528,0x8d
1529,0x92
1530,0x8e
1531,0x8b
1532,0x8a
1533,0x85
1534,0x84
1535,0x84
1536,0x86
1537,0x86
1538,0x7f
1539,0x81
1540,0x88
1541,0x7e
1542,0x76
1543,0x7c
1544,0x84
1545,0x8d
1546,0x95
1547,0x8f
1548,0x87
1549,0x89
1550,0x89
1551,0x86
1552,0x86
1553,0x81
1554,0x80
1555,0x83
1556,0x83
1557,0x83
1558,0x83
1559,0x87
1560,0x88
1561,0x81
1562,0x7c
1563,0x7e
1564,0x7e
1565,0x80
1566,0x87
1567,0x8a
1568,0x86
1569,0x81
1570,0x74
1571,0x73
1572,0x7c
1573,0x7b
1574,0x78
1575,0x7d
1576,0x7b
1577,0x79
1578,0x7e
1579,0x83
1580,0x8b
1581,0x89
1582,0x84
1583,0x81
1584,0x7f
1585,0x7c
1586,0x7b
1587,0x79
1588,0x7d
1589,0x82
1590,0x7c
1591,0x77
1592,0x84
1593,0x91
1594,0x90
1595,0x80
1596,0x75
1597,0x7d
1598,0x84
1599,0x81
1600,0x80
1601,0x80
1602,0x7f
1603,0x7f
1604,0x7d
1605,0x78
1606,0x75
1607,0x79
1608,0x82
1609,0x83
1610,0x73
1611,0x66
1612,0x6c
1613,0x79
1614,0x86
1615,0x8c
1616,0x81
1617,0x77
1618,0x7f
1619,0x85
1620,0x7a
1621,0x79
1622,0x84
1623,0x8a
1624,0x8d
1625,0x86
1626,0x7b
1627,0x78
1628,0x79
1629,0x7b
1630,0x7b
1631,0x74
1632,0x6f
1633,0x73
1634,0x7a
1635,0x7d
1636,0x7c
1637,0x73
1638,0x72
1639,0x79
1640,0x7c
1641,0x7f
1642,0x82
1643,0x82
1644,0x7e
1645,0x7d
1646,0x81
1647,0x7d
1648,0x74
1649,0x77
1650,0x81
1651,0x84
1652,0x82
1653,0x7e
1654,0x80
1655,0x82
1656,0x89
1657,0x90
1658,0x8c
1659,0x76
1660,0x71
1661,0x73
1662,0x70
1663,0x75
1664,0x7a
1665,0x76
1666,0x78
1667,0x7d
1668,0x7a
1669,0x77
1670,0x77
1671,0x83
1672,0x90
1673,0x88
1674,0x7b
1675,0x78
1676,0x77
1677,0x7c
1678,0x81
1679,0x82
1680,0x80
1681,0x86
1682,0x8e
1683,0x8a
1684,0x7e
1685,0x7d
1686,0x7f
1687,0x81
1688,0x8b
1689,0x8e
1690,0x80
1691,0x78
1692,0x7e
1693,0x83
1694,0x81
1695,0x7c
1696,0x7c
1697,0x85
1698,0x88
1699,0x84
1700,0x7f
1701,0x7c
1702,0x7c
1703,0x7e
1704,0x7c
1705,0x80
1706,0x83
1707,0x7f
1708,0x77
1709,0x77
1710,0x7b
1711,0x7e
1712,0x7e
1713,0x83
1714,0x81
1715,0x78
1716,0x72
1717,0x74
1718,0x75
1719,0x78
1720,0x80
1721,0x8c
1722,0x93
1723,0x94
1724,0x8f
1725,0x8a
1726,0x89
1727,0x89
1728,0x86
1729,0x86
1730,0x88
1731,0x88
1732,0x87
1733,0x89
1734,0x82
1735,0x81
1736,0x83
1737,0x7f
1738,0x80
1739,0x7e
1740,0x75
1741,0x79
1742,0x85
1743,0x89
1744,0x85
1745,0x82
1746,0x7f
1747,0x7f
1748,0x7f
1749,0x7d
1750,0x7a
1751,0x7a
1752,0x7d
1753,0x81
1754,0x82
1755,0x82
1756,0x7e
1757,0x7c
1758,0x82
1759,0x8c
1760,0x89
1761,0x84
1762,0x83
1763,0x83
1764,0x85
1765,0x85
1766,0x81
1767,0x80
1768,0x80
1769,0x7d
1770,0x7f
1771,0x82
1772,0x7b
1773,0x78
1774,0x7f
1775,0x82
1776,0x85
1777,0x88
1778,0x83
1779,0x81
1780,0x82
1781,0x80
1782,0x82
1783,0x82
1784,0x7b
1785,0x7a
1786,0x7c
1787,0x7a
1788,0x75
1789,0x77
1790,0x81
1791,0x82
1792,0x80
1793,0x80
1794,0x79
1795,0x7b
1796,0x84
1797,0x88
1798,0x83
1799,0x80
1800,0x7b
1801,0x78
1802,0x7a
1803,0x7b
1804,0x7d
1805,0x7f
1806,0x84
1807,0x89
1808,0x80
1809,0x72
1810,0x75
1811,0x7c
1812,0x7f
1813,0x81
1814,0x82
1815,0x79
1816,0x78
1817,0x7c
1818,0x7f
1819,0x82
1820,0x82
1821,0x7d
1822,0x7c
1823,0x7e
1824,0x77
1825,0x70
1826,0x71
1827,0x78
1828,0x7b
1829,0x77
1830,0x74
1831,0x76
1832,0x75
1833,0x77
1834,0x80
1835,0x7f
1836,0x7b
1837,0x7c
1838,0x7c
1839,0x7a
1840,0x7a
1841,0x77
1842,0x77
1843,0x79
1844,0x78
1845,0x7c
1846,0x82
1847,0x82
1848,0x85
1849,0x85
1850,0x80
1851,0x84
1852,0x89
1853,0x82
1854,0x7e
1855,0x79
1856,0x71
1857,0x73
1858,0x75
1859,0x78
1860,0x76
1861,0x76
1862,0x7b
1863,0x85
1864,0x8c
1865,0x8a
1866,0x83
1867,0x82
1868,0x84
1869,0x87
1870,0x82
1871,0x7d
1872,0x7e
1873,0x7e
1874,0x7c
1875,0x79
1876,0x7b
1877,0x7c
1878,0x80
1879,0x83
1880,0x84
1881,0x82
1882,0x81
1883,0x83
1884,0x83
1885,0x81
1886,0x79
1887,0x78
1888,0x76
1889,0x73
1890,0x74
1891,0x78
1892,0x7c
1893,0x81
1894,0x89
1895,0x8a
1896,0x86
1897,0x83
1898,0x88
1899,0x8d
1900,0x8b
1901,0x86
1902,0x83
1903,0x85
1904,0x85
1905,0x85
1906,0x82
1907,0x80
1908,0x86
1909,0x8b
1910,0x8a
1911,0x82
1912,0x81
1913,0x83
1914,0x7f
1915,0x7c
1916,0x7f
1917,0x84
1918,0x84
1919,0x85
1920,0x89
1921,0x8a
1922,0x87
1923,0x85
1924,0x82
1925,0x7d
1926,0x7c
1927,0x7c
1928,0x79
1929,0x75
1930,0x77
1931,0x7c
1932,0x7f
1933,0x82
1934,0x87
1935,0x88
1936,0x84
1937,0x84
1938,0x88
1939,0x8b
1940,0x8b
1941,0x86
1942,0x81
1943,0x80
1944,0x7f
1945,0x7b
1946,0x7a
1947,0x7c
1948,0x7d
1949,0x7f
1950,0x84
1951,0x87
1952,0x88
1953,0x88
1954,0x81
1955,0x7e
1956,0x82
1957,0x80
1958,0x82
1959,0x87
1960,0x83
1961,0x7b
1962,0x7a
1963,0x78
1964,0x7a
1965,0x81
1966,0x80
1967,0x80
1968,0x85
1969,0x83
1970,0x7e
1971,0x85
1972,0x88
1973,0x83
1974,0x7e
1975,0x7e
1976,0x80
1977,0x83
1978,0x83
1979,0x83
1980,0x85
1981,0x88
1982,0x88
1983,0x83
1984,0x80
1985,0x82
1986,0x80
1987,0x7d
1988,0x7f
1989,0x7f
1990,0x7d
1991,0x7f
1992,0x82
1993,0x82
1994,0x80
1995,0x7f
1996,0x82
1997,0x7d
1998,0x7a
1999,0x7c
2000,0x7c
2001,0x78
2002,0x79
2003,0x7a
2004,0x78
2005,0x77
2006,0x7a
2007,0x7f
2008,0x80
2009,0x80
2010,0x7d
2011,0x7b
2012,0x7a
2013,0x7d
2014,0x7d
2015,0x7a
2016,0x7a
2017,0x7a
2018,0x78
2019,0x7a
2020,0x7d
2021,0x7d
2022,0x7d
2023,0x7f
2024,0x7f
2025,0x7d
2026,0x7d
2027,0x7c
2028,0x78
2029,0x77
2030,0x7b
2031,0x77
2032,0x72
2033,0x76
2034,0x78
2035,0x74
2036,0x72
2037,0x74
2038,0x77
2039,0x7c
2040,0x82
2041,0x87
2042,0x83
2043,0x83
2044,0x85
2045,0x83
2046,0x80
2047,0x80
2048,0x7f
2049,0x7f
2050,0x81
2051,0x7b
2052,0x7c
2053,0x85
2054,0x84
2055,0x81
2056,0x83
2057,0x7f
2058,0x7a
2059,0x7b
2060,0x7e
2061,0x7e
2062,0x7e
2063,0x81
2064,0x85
2065,0x83
2066,0x78
2067,0x72
2068,0x78
2069,0x7e
2070,0x81
2071,0x84
2072,0x80
2073,0x7d
2074,0x80
2075,0x85
2076,0x8a
2077,0x8f
2078,0x88
2079,0x81
2080,0x7d
2081,0x81
2082,0x84
2083,0x84
2084,0x7f
2085,0x7f
2086,0x7c
2087,0x7c
2088,0x7c
2089,0x7e
2090,0x81
2091,0x84
2092,0x82
2093,0x7d
2094,0x7f
2095,0x81
2096,0x7d
2097,0x7d
2098,0x7f
2099,0x82
2100,0x80
2101,0x7b
2102,0x7d
2103,0x82
2104,0x83
2105,0x83
2106,0x86
2107,0x88
2108,0x8b
2109,0x8b
2110,0x84
2111,0x7f
2112,0x80
2113,0x85
2114,0x88
2115,0x85
2116,0x85
2117,0x83
2118,0x80
2119,0x7f
2120,0x7f
2121,0x81
2122,0x7f
2123,0x7d
2124,0x7a
2125,0x7a
2126,0x7d
2127,0x7f
2128,0x80
2129,0x82
2130,0x85
2131,0x80
2132,0x79
2133,0x76
2134,0x7a
2135,0x82
2136,0x87
2137,0x83
2138,0x7c
2139,0x79
2140,0x7b
2141,0x7e
2142,0x83
2143,0x84
2144,0x84
2145,0x86
2146,0x86
2147,0x84
2148,0x83
2149,0x81
2150,0x7e
2151,0x7d
2152,0x79
2153,0x76
2154,0x7d
2155,0x80
2156,0x85
2157,0x87
2158,0x83
2159,0x7a
2160,0x7b
2161,0x7b
2162,0x7e
2163,0x85
2164,0x81
2165,0x7e
2166,0x83
2167,0x83
2168,0x81
2169,0x80
2170,0x7c
2171,0x7b
2172,0x80
2173,0x83
2174,0x81
2175,0x80
2176,0x7e
2177,0x7e
2178,0x80
2179,0x80
2180,0x82
2181,0x80
2182,0x7e
2183,0x7d
2184,0x7b
2185,0x79
2186,0x7a
2187,0x7f
2188,0x82
2189,0x80
2190,0x79
2191,0x76
2192,0x76
2193,0x7a
2194,0x7d
2195,0x80
2196,0x80
2197,0x7e
2198,0x79
2199,0x76
2200,0x78
2201,0x7b
2202,0x7d
2203,0x7b
2204,0x7b
2205,0x7e
2206,0x7e
2207,0x80
2208,0x80
2209,0x7e
2210,0x7c
2211,0x7b
2212,0x7d
2213,0x82
2214,0x80
2215,0x7b
2216,0x7a
2217,0x7d
2218,0x7a
2219,0x78
2220,0x77
2221,0x7a
2222,0x7c
2223,0x7c
2224,0x7a
2225,0x75
2226,0x75
2227,0x77
2228,0x79
2229,0x7a
2230,0x7a
2231,0x78
2232,0x75
2233,0x77
2234,0x7f
2235,0x7f
2236,0x7b
2237,0x7a
2238,0x7c
2239,0x7a
2240,0x78
2241,0x78
2242,0x78
2243,0x7c
2244,0x81
2245,0x82
2246,0x7e
2247,0x79
2248,0x7a
2249,0x81
2250,0x84
2251,0x84
2252,0x80
2253,0x78
2254,0x79
2255,0x7b
2256,0x79
2257,0x79
2258,0x79
2259,0x77
2260,0x7b
2261,0x7c
2262,0x7c
2263,0x7c
2264,0x7f
2265,0x7f
2266,0x81
2267,0x82
2268,0x7f
2269,0x7b
2270,0x7c
2271,0x81
2272,0x82
2273,0x80
2274,0x7f
2275,0x7f
2276,0x84
2277,0x87
2278,0x82
2279,0x80
2280,0x81
2281,0x84
2282,0x84
2283,0x81
2284,0x7a
2285,0x79
2286,0x7e
2287,0x7f
2288,0x81
2289,0x81
2290,0x81
2291,0x84
2292,0x84
2293,0x80
2294,0x7d
2295,0x82
2296,0x87
2297,0x87
2298,0x87
2299,0x85
2300,0x83
2301,0x82
2302,0x85
2303,0x89
2304,0x85
2305,0x80
2306,0x84
2307,0x87
2308,0x87
2309,0x87
2310,0x85
2311,0x82
2312,0x86
2313,0x85
2314,0x7e
2315,0x7f
2316,0x84
2317,0x85
2318,0x87
2319,0x88
2320,0x85
2321,0x85
2322,0x85
2323,0x85
2324,0x85
2325,0x80
2326,0x7d
2327,0x82
2328,0x82
2329,0x85
2330,0x85
2331,0x85
2332,0x86
2333,0x88
2334,0x88
2335,0x86
2336,0x81
2337,0x83
2338,0x88
2339,0x88
2340,0x86
2341,0x88
2342,0x88
2343,0x86
2344,0x83
2345,0x85
2346,0x88
2347,0x85
2348,0x7e
2349,0x80
2350,0x85
2351,0x85
2352,0x83
2353,0x83
2354,0x81
2355,0x85
2356,0x86
2357,0x84
2358,0x83
2359,0x86
2360,0x88
2361,0x8b
2362,0x88
2363,0x83
2364,0x80
2365,0x7d
2366,0x7b
2367,0x7d
2368,0x7d
2369,0x7b
2370,0x7d
2371,0x82
2372,0x83
2373,0x85
2374,0x86
2375,0x84
2376,0x85
2377,0x83
2378,0x7c
2379,0x7d
2380,0x82
2381,0x7e
2382,0x7d
2383,0x80
2384,0x7e
2385,0x7f
2386,0x80
2387,0x7b
2388,0x7b
2389,0x7d
2390,0x7b
2391,0x82
2392,0x85
2393,0x7e
2394,0x7b
2395,0x7d
2396,0x7e
2397,0x80
2398,0x80
2399,0x7e
2400,0x7e
2401,0x80
2402,0x82
2403,0x83
2404,0x80
2405,0x80
2406,0x80
2407,0x7b
2408,0x7b
2409,0x7f
2410,0x7d
2411,0x7f
2412,0x82
2413,0x7d
2414,0x7d
2415,0x7d
2416,0x7d
2417,0x7d
2418,0x7d
2419,0x7d
2420,0x7d
2421,0x7d
2422,0x7d
2423,0x7f
2424,0x7f
2425,0x7d
2426,0x7f
2427,0x7a
2428,0x78
2429,0x7a
2430,0x7a
2431,0x7a
2432,0x81
2433,0x85
2434,0x83
2435,0x80
2436,0x80
2437,0x80
2438,0x82
2439,0x82
2440,0x82
2441,0x7d
2442,0x7c
2443,0x7c
2444,0x7c
2445,0x7a
2446,0x79
2447,0x7c
2448,0x7e
2449,0x7c
2450,0x7a
2451,0x7c
2452,0x7e
2453,0x7c
2454,0x7c
2455,0x7c
2456,0x7a
2457,0x7c
2458,0x7f
2459,0x7f
2460,0x82
2461,0x82
2462,0x7e
2463,0x82
2464,0x87
2465,0x85
2466,0x80
2467,0x7f
2468,0x7f
2469,0x7f
2470,0x7f
2471,0x7c
2472,0x7c
2473,0x79
2474,0x7b
2475,0x7e
2476,0x7c
2477,0x79
2478,0x7b
2479,0x7c
2480,0x7c
2481,0x7e
2482,0x7c
2483,0x7a
2484,0x79
2485,0x7c
2486,0x7e
2487,0x7c
2488,0x78
2489,0x77
2490,0x7a
2491,0x81
2492,0x80
2493,0x80
2494,0x84
2495,0x83
2496,0x83
2497,0x87
2498,0x85
2499,0x80
2500,0x80
2501,0x82
2502,0x82
2503,0x84
2504,0x82
2505,0x82
2506,0x84
2507,0x89
2508,0x87
2509,0x80
2510,0x7d
2511,0x7f
2512,0x83
2513,0x84
2514,0x7f
2515,0x7c
2516,0x7e
2517,0x85
2518,0x82
2519,0x7a
2520,0x7a
2521,0x7e
2522,0x81
2523,0x84
2524,0x85
2525,0x85
2526,0x83
2527,0x82
2528,0x85
2529,0x83
2530,0x80
2531,0x80
2532,0x84
2533,0x89
2534,0x87
2535,0x80
2536,0x7b
2537,0x7c
2538,0x81
2539,0x81
2540,0x7d
2541,0x7f
2542,0x81
2543,0x7d
2544,0x7c
2545,0x7f
2546,0x7f
2547,0x7d
2548,0x7c
2549,0x7c
2550,0x7a
2551,0x7a
2552,0x7a
2553,0x7c
2554,0x81
2555,0x80
2556,0x7b
2557,0x7d
2558,0x82
2559,0x85
2560,0x85
2561,0x81
2562,0x7e
2563,0x80
2564,0x82
2565,0x83
2566,0x81
2567,0x83
2568,0x85
2569,0x88
2570,0x86
2571,0x83
2572,0x82
2573,0x82
2574,0x82
2575,0x82
2576,0x84
2577,0x82
2578,0x80
2579,0x7f
2580,0x81
2581,0x82
2582,0x82
2583,0x80
2584,0x7f
2585,0x82
2586,0x84
2587,0x82
2588,0x82
2589,0x80
2590,0x7f
2591,0x7f
2592,0x7f
2593,0x82
2594,0x82
2595,0x82
2596,0x80
2597,0x81
2598,0x82
2599,0x7d
2600,0x78
2601,0x7c
2602,0x7f
2603,0x7f
2604,0x7f
2605,0x7f
2606,0x7f
2607,0x7f
2608,0x7d
2609,0x7f
2610,0x7f
2611,0x7d
2612,0x7a
2613,0x7c
2614,0x7f
2615,0x7f
2616,0x7d
2617,0x7d
2618,0x7f
2619,0x81
2620,0x7f
2621,0x7b
2622,0x78
2623,0x7a
2624,0x7f
2625,0x82
2626,0x82
2627,0x82
2628,0x82
2629,0x82
2630,0x80
2631,0x7f
2632,0x7d
2633,0x7c
2634,0x7a
2635,0x7c
2636,0x7f
2637,0x7f
2638,0x81
2639,0x80
2640,0x82
2641,0x82
2642,0x82
2643,0x82
2644,0x82
2645,0x81
2646,0x7f
2647,0x7f
2648,0x7c
2649,0x7c
2650,0x79
2651,0x7b
2652,0x7b
2653,0x7e
2654,0x7e
2655,0x79
2656,0x79
2657,0x7b
2658,0x7c
2659,0x7c
2660,0x7c
2661,0x7c
2662,0x7c
2663,0x7e
2664,0x7f
2665,0x7d
2666,0x7c
2667,0x7f
2668,0x81
2669,0x7f
2670,0x81
2671,0x81
2672,0x7f
2673,0x7c
2674,0x7c
2675,0x7c
2676,0x7e
2677,0x7e
2678,0x7e
2679,0x7e
2680,0x7e
2681,0x7e
2682,0x7f
2683,0x7f
2684,0x81
2685,0x84
2686,0x84
2687,0x82
2688,0x81
2689,0x81
2690,0x81
2691,0x81
2692,0x81
2693,0x7f
2694,0x7f
2695,0x81
2696,0x83
2697,0x84
2698,0x84
2699,0x84
2700,0x7f
2701,0x7e
2702,0x81
2703,0x81
2704,0x7f
2705,0x7e
2706,0x81
2707,0x83
2708,0x84
2709,0x82
2710,0x84
2711,0x84
2712,0x80
2713,0x82
2714,0x87
2715,0x87
2716,0x87
2717,0x87
2718,0x87
2719,0x87
2720,0x87
2721,0x85
2722,0x85
2723,0x89
2724,0x8a
2725,0x85
2726,0x84
2727,0x84
2728,0x82
2729,0x7f
2730,0x81
2731,0x81
2732,0x81
2733,0x84
2734,0x82
2735,0x82
2736,0x84
2737,0x83
2738,0x83
2739,0x87
2740,0x8a
2741,0x88
2742,0x88
2743,0x88
2744,0x88
2745,0x86
2746,0x83
2747,0x80
2748,0x82
2749,0x87
2750,0x85
2751,0x83
2752,0x80
2753,0x82
2754,0x85
2755,0x85
2756,0x85
2757,0x85
2758,0x83
2759,0x7e
2760,0x80
2761,0x83
2762,0x85
2763,0x85
2764,0x83
2765,0x81
2766,0x83
2767,0x83
2768,0x81
2769,0x82
2770,0x83
2771,0x80
2772,0x80
2773,0x7b
2774,0x7b
2775,0x7b
2776,0x7f
2777,0x80
2778,0x7d
2779,0x7b
2780,0x78
2781,0x78
2782,0x7a
2783,0x7b
2784,0x7d
2785,0x7e
2786,0x7e
2787,0x81
2788,0x81
2789,0x81
2790,0x83
2791,0x7f
2792,0x7c
2793,0x7b
2794,0x7d
2795,0x7b
2796,0x79
2797,0x7b
2798,0x7d
2799,0x7d
2800,0x7d
2801,0x7b
2802,0x7b
2803,0x7d
2804,0x7d
2805,0x7b
2806,0x79
2807,0x7b
2808,0x7f
2809,0x80
2810,0x7b
2811,0x7b
2812,0x7d
2813,0x7b
2814,0x7b
2815,0x7d
2816,0x7d
2817,0x7b
2818,0x7a
2819,0x7d
2820,0x7d
2821,0x7b
2822,0x7a
2823,0x7a
2824,0x78
2825,0x7a
2826,0x7f
2827,0x7d
2828,0x7d
2829,0x7d
2830,0x7a
2831,0x78
2832,0x7a
2833,0x7c
2834,0x7a
2835,0x77
2836,0x77
2837,0x77
2838,0x75
2839,0x75
2840,0x77
2841,0x7a
2842,0x7c
2843,0x7d
2844,0x7d
2845,0x7b
2846,0x7a
2847,0x7a
2848,0x7a
2849,0x7a
2850,0x7a
2851,0x7a
2852,0x7a
2853,0x7a
2854,0x7a
2855,0x7a
2856,0x78
2857,0x77
2858,0x7a
2859,0x7c
2860,0x7a
2861,0x7c
2862,0x7d
2863,0x7d
2864,0x7f
2865,0x7d
2866,0x7d
2867,0x7d
2868,0x7d
2869,0x7c
2870,0x7c
2871,0x7a
2872,0x7a
2873,0x7a
2874,0x7a
2875,0x7c
2876,0x7c
2877,0x7c
2878,0x7c
2879,0x7d
2880,0x7d
2881,0x7f
2882,0x7f
2883,0x7d
2884,0x7d
2885,0x7f
2886,0x7f
2887,0x7d
2888,0x7d
2889,0x7f
2890,0x82
2891,0x82
2892,0x80
2893,0x7d
2894,0x7f
2895,0x82
2896,0x82
2897,0x84
2898,0x82
2899,0x7b
2900,0x7a
2901,0x7c
2902,0x7c
2903,0x79
2904,0x79
2905,0x77
2906,0x79
2907,0x7e
2908,0x7f
2909,0x7d
2910,0x7f
2911,0x82
2912,0x80
2913,0x80
2914,0x7e
2915,0x7f
2916,0x80
2917,0x80
2918,0x7d
2919,0x7d
2920,0x7d
2921,0x7d
2922,0x7f
2923,0x80
2924,0x80
2925,0x7e
2926,0x80
2927,0x82
2928,0x85
2929,0x83
2930,0x80
2931,0x80
2932,0x80
2933,0x82
2934,0x83
2935,0x80
2936,0x80
2937,0x82
2938,0x85
2939,0x80
2940,0x80
2941,0x82
2942,0x80
2943,0x7d
2944,0x7f
2945,0x7e
2946,0x80
2947,0x85
2948,0x85
2949,0x83
2950,0x83
2951,0x83
2952,0x86
2953,0x88
2954,0x86
2955,0x86
2956,0x86
2957,0x86
2958,0x88
2959,0x88
2960,0x86
2961,0x83
2962,0x83
2963,0x80
2964,0x82
2965,0x82
2966,0x82
2967,0x80
2968,0x80
2969,0x80
2970,0x80
2971,0x83
2972,0x83
2973,0x85
2974,0x83
2975,0x83
2976,0x83
2977,0x81
2978,0x80
2979,0x7e
2980,0x7e
2981,0x80
2982,0x80
2983,0x7e
2984,0x7e
2985,0x81
2986,0x83
2987,0x84
2988,0x86
2989,0x84
2990,0x84
2991,0x81
2992,0x81
2993,0x81
2994,0x7e
2995,0x79
2996,0x7b
2997,0x7d
2998,0x80
2999,0x7e
3000,0x7e
3001,0x7c
3002,0x7c
3003,0x80
3004,0x81
3005,0x81
3006,0x7f
3007,0x7e
3008,0x81
3009,0x81
3010,0x7f
3011,0x7c
3012,0x7e
3013,0x7e
3014,0x7e
3015,0x81
3016,0x81
3017,0x81
3018,0x81
3019,0x84
3020,0x84
3021,0x84
3022,0x81
3023,0x81
3024,0x81
3025,0x83
3026,0x81
3027,0x7c
3028,0x7b
3029,0x7d
3030,0x7d
3031,0x7d
3032,0x7b
3033,0x7b
3034,0x79
3035,0x78
3036,0x7d
3037,0x82
3038,0x83
3039,0x81
3040,0x81
3041,0x7f
3042,0x7e
3043,0x7e
3044,0x7e
3045,0x80
3046,0x81
3047,0x81
3048,0x7e
3049,0x7e
3050,0x7e
3051,0x7e
3052,0x7b
3053,0x7d
3054,0x80
3055,0x7e
3056,0x7d
3057,0x7d
3058,0x7b
3059,0x7b
3060,0x7b
3061,0x7d
3062,0x7d
3063,0x7d
3064,0x7d
3065,0x7b
3066,0x7b
3067,0x7b
3068,0x7d
3069,0x7b
3070,0x7d
3071,0x80
3072,0x7e
3073,0x7b
3074,0x7b
3075,0x7b
3076,0x7b
3077,0x7d
3078,0x80
3079,0x80
3080,0x7e
3081,0x7b
3082,0x7d
3083,0x7b
3084,0x7a
3085,0x7a
3086,0x78
3087,0x78
3088,0x7a
3089,0x7a
3090,0x78
3091,0x78
3092,0x7a
3093,0x7b
3094,0x7d
3095,0x7e
3096,0x7e
3097,0x80
3098,0x81
3099,0x81
3100,0x7e
3101,0x7e
3102,0x80
3103,0x80
3104,0x7e
3105,0x7e
3106,0x7e
3107,0x7e
3108,0x80
3109,0x83
3110,0x83
3111,0x83
3112,0x81
3113,0x80
3114,0x83
3115,0x85
3116,0x83
3117,0x82
3118,0x80
3119,0x7b
3120,0x7a
3121,0x7a
3122,0x7f
3123,0x7f
3124,0x7d
3125,0x7d
3126,0x7d
3127,0x7b
3128,0x7d
3129,0x82
3130,0x80
3131,0x7e
3132,0x80
3133,0x83
3134,0x7e
3135,0x7e
3136,0x80
3137,0x81
3138,0x81
3139,0x81
3140,0x83
3141,0x86
3142,0x86
3143,0x86
3144,0x86
3145,0x84
3146,0x84
3147,0x83
3148,0x81
3149,0x83
3150,0x85
3151,0x83
3152,0x81
3153,0x80
3154,0x80
3155,0x7e
3156,0x80
3157,0x83
3158,0x85
3159,0x83
3160,0x81
3161,0x81
3162,0x83
3163,0x83
3164,0x83
3165,0x81
3166,0x81
3167,0x81
3168,0x81
3169,0x7e
3170,0x80
3171,0x81
3172,0x81
3173,0x83
3174,0x83
3175,0x81
3176,0x7e
3177,0x7c
3178,0x7e
3179,0x80
3180,0x81
3181,0x7e
3182,0x7e
3183,0x7e
3184,0x7e
3185,0x7e
3186,0x7a
3187,0x7b
3188,0x7e
3189,0x80
3190,0x7f
3191,0x7e
3192,0x7e
3193,0x7e
3194,0x7c
3195,0x7c
3196,0x7e
3197,0x80
3198,0x7f
3199,0x7c
3200,0x7c
3201,0x7a
3202,0x7e
3203,0x81
3204,0x84
3205,0x84
3206,0x81
3207,0x7f
3208,0x7e
3209,0x80
3210,0x7e
3211,0x7c
3212,0x7b
3213,0x7d
3214,0x80
3215,0x7e
3216,0x7b
3217,0x7b
3218,0x7b
3219,0x7b
3220,0x7e
3221,0x80
3222,0x81
3223,0x81
3224,0x81
3225,0x7e
3226,0x7e
3227,0x7b
3228,0x7b
3229,0x7d
3230,0x7e
3231,0x7b
3232,0x7b
3233,0x7b
3234,0x7e
3235,0x85
3236,0x86
3237,0x84
3238,0x81
3239,0x83
3240,0x84
3241,0x81
3242,0x81
3243,0x83
3244,0x80
3245,0x7e
3246,0x7d
3247,0x7d
3248,0x7d
3249,0x7a
3250,0x7a
3251,0x7a
3252,0x7a
3253,0x7c
3254,0x7d
3255,0x7b
3256,0x7b
3257,0x7b
3258,0x7b
3259,0x80
3260,0x80
3261,0x7e
3262,0x7e
3263,0x7e
3264,0x80
3265,0x7e
3266,0x7e
3267,0x7b
3268,0x7b
3269,0x7d
3270,0x80
3271,0x83
3272,0x81
3273,0x80
3274,0x80
3275,0x80
3276,0x7e
3277,0x80
3278,0x7e
3279,0x7d
3280,0x7d
3281,0x7d
3282,0x7d
3283,0x7f
3284,0x7e
3285,0x7f
3286,0x82
3287,0x80
3288,0x7d
3289,0x7b
3290,0x7d
3291,0x7d
3292,0x7f
3293,0x80
3294,0x80
3295,0x80
3296,0x7d
3297,0x7d
3298,0x80
3299,0x80
3300,0x80
3301,0x80
3302,0x80
3303,0x82
3304,0x82
3305,0x80
3306,0x80
3307,0x80
3308,0x7e
3309,0x82
3310,0x82
3311,0x7e
3312,0x80
3313,0x82
3314,0x83
3315,0x83
3316,0x85
3317,0x85
3318,0x83
3319,0x82
3320,0x82
3321,0x80
3322,0x7d
3323,0x7d
3324,0x7f
3325,0x7f
3326,0x7f
3327,0x7f
3328,0x7f
3329,0x80
3330,0x82
3331,0x82
3332,0x82
3333,0x80
3334,0x80
3335,0x82
3336,0x85
3337,0x85
3338,0x83
3339,0x80
3340,0x80
3341,0x80
3342,0x80
3343,0x80
3344,0x80
3345,0x80
3346,0x80
3347,0x82
3348,0x85
3349,0x83
3350,0x80
3351,0x82
3352,0x85
3353,0x85
3354,0x83
3355,0x80
3356,0x7e
3357,0x7d
3358,0x80
3359,0x82
3360,0x83
3361,0x83
3362,0x85
3363,0x86
3364,0x86
3365,0x88
3366,0x86
3367,0x86
3368,0x86
3369,0x86
3370,0x83
3371,0x83
3372,0x83
3373,0x83
3374,0x85
3375,0x85
3376,0x83
3377,0x83
3378,0x85
3379,0x86
3380,0x86
3381,0x88
3382,0x86
3383,0x86
3384,0x86
3385,0x86
3386,0x85
3387,0x83
3388,0x80
3389,0x82
3390,0x82
3391,0x80
3392,0x80
3393,0x80
3394,0x80
3395,0x83
3396,0x83
3397,0x83
3398,0x85
3399,0x83
3400,0x81
3401,0x83
3402,0x81
3403,0x81
3404,0x83
3405,0x83
3406,0x83
3407,0x81
3408,0x7e
3409,0x7e
3410,0x83
3411,0x83
3412,0x83
3413,0x83
3414,0x81
3415,0x81
3416,0x81
3417,0x7e
3418,0x7e
3419,0x80
3420,0x83
3421,0x83
3422,0x81
3423,0x7e
3424,0x7e
3425,0x7e
3426,0x80
3427,0x80
3428,0x80
3429,0x7e
3430,0x7c
3431,0x7b
3432,0x80
3433,0x81
3434,0x81
3435,0x81
3436,0x7e
3437,0x7e
3438,0x80
3439,0x81
3440,0x7e
3441,0x7e
3442,0x7e
3443,0x7e
3444,0x7e
3445,0x7e
3446,0x7e
3447,0x7e
3448,0x7e
3449,0x80
3450,0x80
3451,0x7e
3452,0x7e
3453,0x7e
3454,0x7e
3455,0x7e
3456,0x7e
3457,0x80
3458,0x7e
3459,0x7b
3460,0x78
3461,0x78
3462,0x7a
3463,0x7d
3464,0x7d
3465,0x7b
3466,0x7d
3467,0x7c
3468,0x7c
3469,0x80
3470,0x83
3471,0x84
3472,0x84
3473,0x86
3474,0x86
3475,0x83
3476,0x7e
3477,0x79
3478,0x78
3479,0x7a
3480,0x7a
3481,0x7a
3482,0x7c
3483,0x7e
3484,0x7a
3485,0x75
3486,0x75
3487,0x77
3488,0x7a
3489,0x7f
3490,0x7f
3491,0x7b
3492,0x78
3493,0x77
3494,0x77
3495,0x77
3496,0x77
3497,0x77
3498,0x77
3499,0x77
3500,0x75
3501,0x77
3502,0x7a
3503,0x7a
3504,0x78
3505,0x78
3506,0x78
3507,0x78
3508,0x7b
3509,0x80
3510,0x80
3511,0x7e
3512,0x82
3513,0x85
3514,0x80
3515,0x7d
3516,0x7a
3517,0x77
3518,0x78
3519,0x76
3520,0x6f
3521,0x6c
3522,0x70
3523,0x76
3524,0x7b
3525,0x7e
3526,0x7d
3527,0x7b
3528,0x7d
3529,0x80
3530,0x82
3531,0x83
3532,0x83
3533,0x83
3534,0x80
3535,0x80
3536,0x82
3537,0x85
3538,0x83
3539,0x82
3540,0x82
3541,0x82
3542,0x84
3543,0x87
3544,0x89
3545,0x85
3546,0x7f
3547,0x7d
3548,0x7c
3549,0x7f
3550,0x81
3551,0x84
3552,0x84
3553,0x84
3554,0x82
3555,0x82
3556,0x82
3557,0x85
3558,0x8a
3559,0x8c
3560,0x88
3561,0x81
3562,0x7b
3563,0x7f
3564,0x87
3565,0x8a
3566,0x85
3567,0x80
3568,0x82
3569,0x82
3570,0x82
3571,0x85
3572,0x83
3573,0x83
3574,0x83
3575,0x83
3576,0x81
3577,0x83
3578,0x86
3579,0x88
3580,0x89
3581,0x89
3582,0x89
3583,0x87
3584,0x88
3585,0x88
3586,0x86
3587,0x81
3588,0x7d
3589,0x7b
3590,0x7a
3591,0x7d
3592,0x7f
3593,0x80
3594,0x82
3595,0x83
3596,0x81
3597,0x81
3598,0x81
3599,0x81
3600,0x81
3601,0x81
3602,0x83
3603,0x7f
3604,0x7c
3605,0x80
3606,0x81
3607,0x81
3608,0x86
3609,0x84
3610,0x84
3611,0x84
3612,0x81
3613,0x81
3614,0x81
3615,0x80
3616,0x82
3617,0x83
3618,0x7c
3619,0x78
3620,0x78
3621,0x7a
3622,0x7d
3623,0x7d
3624,0x7b
3625,0x7a
3626,0x7d
3627,0x7b
3628,0x7a
3629,0x78
3630,0x78
3631,0x78
3632,0x7b
3633,0x80
3634,0x80
3635,0x7e
3636,0x7e
3637,0x7c
3638,0x7d
3639,0x80
3640,0x80
3641,0x7e
3642,0x7d
3643,0x7b
3644,0x7b
3645,0x7f
3646,0x7f
3647,0x7d
3648,0x7c
3649,0x78
3650,0x75
3651,0x77
3652,0x7c
3653,0x7c
3654,0x7c
3655,0x7a
3656,0x7a
3657,0x7a
3658,0x7a
3659,0x7d
3660,0x80
3661,0x80
3662,0x82
3663,0x85
3664,0x86
3665,0x83
3666,0x83
3667,0x87
3668,0x88
3669,0x85
3670,0x82
3671,0x80
3672,0x7f
3673,0x7f
3674,0x81
3675,0x84
3676,0x86
3677,0x84
3678,0x82
3679,0x7f
3680,0x7f
3681,0x81
3682,0x81
3683,0x7f
3684,0x7e
3685,0x81
3686,0x7f
3687,0x7c
3688,0x7e
3689,0x7e
3690,0x7c
3691,0x7c
3692,0x7c
3693,0x7f
3694,0x82
3695,0x87
3696,0x88
3697,0x88
3698,0x88
3699,0x85
3700,0x83
3701,0x80
3702,0x82
3703,0x84
3704,0x82
3705,0x7d
3706,0x7e
3707,0x7f
3708,0x7f
3709,0x7f
3710,0x7f
3711,0x81
3712,0x84
3713,0x82
3714,0x7d
3715,0x7f
3716,0x7f
3717,0x7f
3718,0x7f
3719,0x7f
3720,0x7a
3721,0x7a
3722,0x7c
3723,0x7f
3724,0x7f
3725,0x7f
3726,0x7f
3727,0x82
3728,0x84
3729,0x85
3730,0x82
3731,0x80
3732,0x7f
3733,0x7f
3734,0x7f
3735,0x7f
3736,0x82
3737,0x82
3738,0x82
3739,0x82
3740,0x82
3741,0x85
3742,0x87
3743,0x85
3744,0x85
3745,0x87
3746,0x85
3747,0x82
3748,0x82
3749,0x81
3750,0x81
3751,0x7f
3752,0x7f
3753,0x81
3754,0x83
3755,0x81
3756,0x7f
3757,0x7f
3758,0x7f
3759,0x83
3760,0x84
3761,0x82
3762,0x7f
3763,0x7f
3764,0x7f
3765,0x82
3766,0x84
3767,0x85
3768,0x82
3769,0x82
3770,0x82
3771,0x85
3772,0x85
3773,0x87
3774,0x85
3775,0x85
3776,0x83
3777,0x82
3778,0x84
3779,0x85
3780,0x82
3781,0x84
3782,0x85
3783,0x82
3784,0x80
3785,0x82
3786,0x84
3787,0x87
3788,0x83
3789,0x80
3790,0x80
3791,0x82
3792,0x83
3793,0x83
3794,0x85
3795,0x88
3796,0x88
3797,0x88
3798,0x86
3799,0x86
3800,0x88
3801,0x89
3802,0x88
3803,0x86
3804,0x86
3805,0x88
3806,0x88
3807,0x86
3808,0x83
3809,0x83
3810,0x82
3811,0x82
3812,0x85
3813,0x80
3814,0x7e
3815,0x7d
3816,0x80
3817,0x85
3818,0x88
3819,0x83
3820,0x81
3821,0x80
3822,0x7e
3823,0x7e
3824,0x7e
3825,0x80
3826,0x81
3827,0x81
3828,0x7f
3829,0x81
3830,0x81
3831,0x81
3832,0x81
3833,0x81
3834,0x81
3835,0x81
3836,0x81
3837,0x7e
3838,0x7e
3839,0x7e
3840,0x7b
3841,0x79
3842,0x79
3843,0x79
3844,0x7b
3845,0x7d
3846,0x7c
3847,0x79
3848,0x7b
3849,0x7c
3850,0x7e
3851,0x81
3852,0x7f
3853,0x7c
3854,0x7a
3855,0x7c
3856,0x7e
3857,0x7c
3858,0x7c
3859,0x7b
3860,0x79
3861,0x79
3862,0x7b
3863,0x79
3864,0x79
3865,0x7b
3866,0x7b
3867,0x79
3868,0x78
3869,0x78
3870,0x78
3871,0x78
3872,0x76
3873,0x76
3874,0x76
3875,0x78
3876,0x79
3877,0x7b
3878,0x7b
3879,0x79
3880,0x79
3881,0x79
3882,0x79
3883,0x79
3884,0x79
3885,0x76
3886,0x78
3887,0x78
3888,0x7b
3889,0x79
3890,0x76
3891,0x76
3892,0x78
3893,0x78
3894,0x78
3895,0x76
3896,0x76
3897,0x7d
3898,0x7d
3899,0x79
3900,0x76
3901,0x76
3902,0x76
3903,0x7a
3904,0x7b
3905,0x76
3906,0x76
3907,0x7b
3908,0x7d
3909,0x7e
3910,0x7b
3911,0x79
3912,0x7a
3913,0x78
3914,0x76
3915,0x75
3916,0x73
3917,0x77
3918,0x78
3919,0x75
3920,0x75
3921,0x78
3922,0x76
3923,0x76
3924,0x78
3925,0x7b
3926,0x7b
3927,0x7b
3928,0x7b
3929,0x7b
3930,0x7b
3931,0x79
3932,0x79
3933,0x7d
3934,0x80
3935,0x7c
3936,0x79
3937,0x7b
3938,0x7d
3939,0x7d
3940,0x7b
3941,0x76
3942,0x75
3943,0x78
3944,0x78
3945,0x78
3946,0x7b
3947,0x7e
3948,0x7e
3949,0x7e
3950,0x7e
3951,0x7e
3952,0x7e
3953,0x7e
3954,0x7e
3955,0x7c
3956,0x7b
3957,0x7b
3958,0x7e
3959,0x7e
3960,0x7e
3961,0x7c
3962,0x7b
3963,0x7b
3964,0x7e
3965,0x80
3966,0x7e
3967,0x7c
3968,0x7e
3969,0x80
3970,0x7e
3971,0x7c
3972,0x79
3973,0x7b
3974,0x7b
3975,0x7c
3976,0x7e
3977,0x7e
3978,0x7e
3979,0x7e
3980,0x7e
3981,0x7e
3982,0x7e
3983,0x7e
3984,0x7c
3985,0x7c
3986,0x79
3987,0x7b
3988,0x7c
3989,0x7c
3990,0x7c
3991,0x7c
3992,0x7e
3993,0x81
3994,0x81
3995,0x7f
3996,0x7d
3997,0x7e
3998,0x7f
3999,0x7f
4000,0x7a
4001,0x7c
4002,0x7e
4003,0x7f
4004,0x7f
4005,0x7c
4006,0x7c
4007,0x7c
4008,0x7f
4009,0x81
4010,0x82
4011,0x82
4012,0x80
4013,0x81
4014,0x82
4015,0x82
4016,0x81
4017,0x7f
4018,0x7f
4019,0x7f
4020,0x7c
4021,0x7c
4022,0x7c
4023,0x7e
4024,0x7f
4025,0x81
4026,0x81
4027,0x81
4028,0x7f
4029,0x7f
4030,0x81
4031,0x82
4032,0x82
4033,0x82
4034,0x82
4035,0x7f
4036,0x7f
4037,0x81
4038,0x81
4039,0x7f
4040,0x7f
4041,0x7e
4042,0x7e
4043,0x7c
4044,0x7c
4045,0x7a
4046,0x7e
4047,0x7f
4048,0x7f
4049,0x7f
4050,0x7f
4051,0x7f
4052,0x7f
4053,0x82
4054,0x84
4055,0x85
4056,0x85
4057,0x85
4058,0x85
4059,0x82
4060,0x7f
4061,0x7f
4062,0x7f
4063,0x81
4064,0x81
4065,0x7f
4066,0x7f
4067,0x81
4068,0x81
4069,0x81
4070,0x7f
4071,0x7e
4072,0x81
4073,0x7f
4074,0x7c
4075,0x7e
4076,0x81
4077,0x81
4078,0x83
4079,0x81
4080,0x7d
4081,0x7c
4082,0x7e
4083,0x7f
4084,0x81
4085,0x84
4086,0x84
4087,0x82
4088,0x81
4089,0x81
4090,0x7f
4091,0x7f
4092,0x7f
4093,0x81
4094,0x83
4095,0x81
4096,0x7f
4097,0x7e
4098,0x7e
4099,0x81
4100,0x81
4101,0x81
4102,0x81
4103,0x7e
4104,0x7e
4105,0x7c
4106,0x7e
4107,0x7e
4108,0x7e
4109,0x7e
4110,0x7e
4111,0x7e
4112,0x7e
4113,0x81
4114,0x81
4115,0x81
4116,0x7f
4117,0x7e
4118,0x81
4119,0x81
4120,0x83
4121,0x83
4122,0x81
4123,0x7f
4124,0x7c
4125,0x7e
4126,0x83
4127,0x86
4128,0x84
4129,0x81
4130,0x81
4131,0x80
4132,0x80
4133,0x80
4134,0x80
4135,0x7e
4136,0x7e
4137,0x80
4138,0x80
4139,0x80
4140,0x83
4141,0x83
4142,0x83
4143,0x83
4144,0x81
4145,0x81
4146,0x83
4147,0x83
4148,0x86
4149,0x86
4150,0x84
4151,0x83
4152,0x83
4153,0x83
4154,0x83
4155,0x83
4156,0x85
4157,0x86
4158,0x83
4159,0x81
4160,0x83
4161,0x85
4162,0x86
4163,0x86
4164,0x86
4165,0x83
4166,0x83
4167,0x83
4168,0x85
4169,0x83
4170,0x83
4171,0x83
4172,0x83
4173,0x83
4174,0x86
4175,0x86
4176,0x86
4177,0x86
4178,0x84
4179,0x84
4180,0x86
4181,0x86
4182,0x86
4183,0x86
4184,0x84
4185,0x84
4186,0x86
4187,0x86
4188,0x86
4189,0x84
4190,0x84
4191,0x86
4192,0x86
4193,0x84
4194,0x84
4195,0x84
4196,0x86
4197,0x86
4198,0x84
4199,0x83
4200,0x81
4201,0x81
4202,0x83
4203,0x83
4204,0x81
4205,0x81
4206,0x81
4207,0x81
4208,0x7e
4209,0x7e
4210,0x81
4211,0x83
4212,0x84
4213,0x84
4214,0x81
4215,0x7f
4216,0x81
4217,0x84
4218,0x84
4219,0x84
4220,0x84
4221,0x84
4222,0x84
4223,0x84
4224,0x86
4225,0x84
4226,0x84
4227,0x84
4228,0x83
4229,0x81
4230,0x81
4231,0x80
4232,0x80
4233,0x80
4234,0x7e
4235,0x7d
4236,0x7b
4237,0x7b
4238,0x7d
4239,0x80
4240,0x80
4241,0x80
4242,0x80
4243,0x7e
4244,0x7e
4245,0x7e
4246,0x7e
4247,0x7e
4248,0x7e
4249,0x7c
4250,0x7c
4251,0x80
4252,0x83
4253,0x83
4254,0x81
4255,0x7e
4256,0x7e
4257,0x7e
4258,0x7e
4259,0x7e
4260,0x7e
4261,0x7b
4262,0x7d
4263,0x7d
4264,0x7d
4265,0x7d
4266,0x7d
4267,0x7b
4268,0x7b
4269,0x7b
4270,0x7d
4271,0x7d
4272,0x7d
4273,0x7d
4274,0x80
4275,0x7e
4276,0x7d
4277,0x7d
4278,0x7b
4279,0x7b
4280,0x7d
4281,0x7d
4282,0x7b
4283,0x7b
4284,0x7d
4285,0x7d
4286,0x7d
4287,0x80
4288,0x82
4289,0x80
4290,0x7e
4291,0x7e
4292,0x80
4293,0x80
4294,0x82
4295,0x80
4296,0x80
4297,0x80
4298,0x7d
4299,0x7d
4300,0x7f
4301,0x82
4302,0x80
4303,0x7f
4304,0x7f
4305,0x7f
4306,0x7f
4307,0x7d
4308,0x7a
4309,0x7a
4310,0x7c
4311,0x7c
4312,0x7c
4313,0x7a
4314,0x7a
4315,0x7c
4316,0x7f
4317,0x7f
4318,0x7d
4319,0x7b
4320,0x7d
4321,0x82
4322,0x82
4323,0x80
4324,0x80
4325,0x80
4326,0x7d
4327,0x7d
4328,0x7f
4329,0x7d
4330,0x7d
4331,0x7f
4332,0x80
4333,0x82
4334,0x82
4335,0x80
4336,0x7d
4337,0x7d
4338,0x7d
4339,0x7d
4340,0x7f
4341,0x7f
4342,0x7f
4343,0x7f
4344,0x7d
4345,0x7d
4346,0x7d
4347,0x7f
4348,0x7f
4349,0x7d
4350,0x7a
4351,0x7a
4352,0x7c
4353,0x7d
4354,0x7f
4355,0x80
4356,0x80
4357,0x80
4358,0x82
4359,0x80
4360,0x80
4361,0x80
4362,0x82
4363,0x83
4364,0x83
4365,0x83
4366,0x83
4367,0x82
4368,0x82
4369,0x82
4370,0x82
4371,0x80
4372,0x82
4373,0x82
4374,0x82
4375,0x80
4376,0x82
4377,0x80
4378,0x7f
4379,0x7f
4380,0x7f
4381,0x7f
4382,0x80
4383,0x82
4384,0x82
4385,0x82
4386,0x82
4387,0x80
4388,0x80
4389,0x82
4390,0x83
4391,0x80
4392,0x82
4393,0x83
4394,0x83
4395,0x85
4396,0x83
4397,0x83
4398,0x83
4399,0x83
4400,0x83
4401,0x83
4402,0x83
4403,0x82
4404,0x80
4405,0x80
4406,0x80
4407,0x80
4408,0x80
4409,0x80
4410,0x82
4411,0x83
4412,0x81
4413,0x83
4414,0x83
4415,0x83
4416,0x83
4417,0x81
4418,0x80
4419,0x80
4420,0x80
4421,0x7e
4422,0x7e
4423,0x7e
4424,0x82
4425,0x85
4426,0x83
4427,0x81
4428,0x81
4429,0x80
4430,0x80
4431,0x80
4432,0x7e
4433,0x80
4434,0x80
4435,0x80
4436,0x80
4437,0x7e
4438,0x7e
4439,0x7e
4440,0x7e
4441,0x7e
4442,0x80
4443,0x80
4444,0x80
4445,0x81
4446,0x7e
4447,0x7e
4448,0x7e
4449,0x7e
4450,0x80
4451,0x81
4452,0x81
4453,0x7e
4454,0x7e
4455,0x80
4456,0x81
4457,0x7e
4458,0x7e
4459,0x80
4460,0x7e
4461,0x7e
4462,0x80
4463,0x7e
4464,0x80
4465,0x81
4466,0x81
4467,0x81
4468,0x81
4469,0x81
4470,0x7f
4471,0x80
4472,0x81
4473,0x81
4474,0x80
4475,0x7e
4476,0x7e
4477,0x7e
4478,0x7e
4479,0x7b
4480,0x7b
4481,0x7d
4482,0x7e
4483,0x7e
4484,0x7e
4485,0x7e
4486,0x7e
4487,0x80
4488,0x81
4489,0x7e
4490,0x7e
4491,0x7e
4492,0x7e
4493,0x7c
4494,0x7b
4495,0x7e
4496,0x7e
4497,0x7e
4498,0x7e
4499,0x7b
4500,0x79
4501,0x78
4502,0x7b
4503,0x7b
4504,0x79
4505,0x79
4506,0x7b
4507,0x7e
4508,0x7e
4509,0x7c
4510,0x7e
4511,0x7c
4512,0x7b
4513,0x7b
4514,0x7b
4515,0x7b
4516,0x7b
4517,0x7b
4518,0x7e
4519,0x7e
4520,0x7c
4521,0x7b
4522,0x7b
4523,0x7b
4524,0x7b
4525,0x7b
4526,0x79
4527,0x78
4528,0x7b
4529,0x7b
4530,0x7b
4531,0x7b
4532,0x7b
4533,0x7d
4534,0x7b
4535,0x7b
4536,0x7b
4537,0x7b
4538,0x7b
4539,0x7d
4540,0x7b
4541,0x7b
4542,0x7d
4543,0x7b
4544,0x7b
4545,0x7e
4546,0x7e
4547,0x7e
4548,0x7e
4549,0x7e
4550,0x7e
4551,0x7e
4552,0x7e
4553,0x80
4554,0x7e
4555,0x7e
4556,0x80
4557,0x7e
4558,0x7b
4559,0x7b
4560,0x7b
4561,0x7d
4562,0x80
4563,0x80
4564,0x7e
4565,0x7e
4566,0x80
4567,0x7e
4568,0x7e
4569,0x7e
4570,0x7e
4571,0x7e
4572,0x7e
4573,0x7e
4574,0x7e
4575,0x7e
4576,0x7e
4577,0x80
4578,0x81
4579,0x81
4580,0x7e
4581,0x80
4582,0x81
4583,0x7e
4584,0x7e
4585,0x80
4586,0x81
4587,0x81
4588,0x81
4589,0x7e
4590,0x7e
4591,0x7e
4592,0x80
4593,0x81
4594,0x7e
4595,0x80
4596,0x80
4597,0x7e
4598,0x7e
4599,0x7e
4600,0x7e
4601,0x7e
4602,0x7b
4603,0x7b
4604,0x7e
4605,0x7e
4606,0x80
4607,0x7e
4608,0x7e
4609,0x7e
4610,0x7e
4611,0x7e
4612,0x81
4613,0x81
4614,0x81
4615,0x81
4616,0x81
4617,0x81
4618,0x81
4619,0x7f
4620,0x7e
4621,0x80
4622,0x81
4623,0x7e
4624,0x7e
4625,0x7e
4626,0x7e
4627,0x7e
4628,0x7e
4629,0x7e
4630,0x7c
4631,0x7b
4632,0x7e
4633,0x80
4634,0x81
4635,0x81
4636,0x81
4637,0x7e
4638,0x7c
4639,0x7e
4640,0x7c
4641,0x7b
4642,0x7e
4643,0x7e
4644,0x7e
4645,0x7e
4646,0x81
4647,0x81
4648,0x81
4649,0x81
4650,0x81
4651,0x81
4652,0x81
4653,0x81
4654,0x7e
4655,0x7e
4656,0x80
4657,0x81
4658,0x81
4659,0x81
4660,0x80
4661,0x7e
4662,0x80
4663,0x83
4664,0x81
4665,0x7e
4666,0x7e
4667,0x80
4668,0x80
4669,0x83
4670,0x81
4671,0x80
4672,0x80
4673,0x80
4674,0x80
4675,0x7e
4676,0x7e
4677,0x7e
4678,0x80
4679,0x80
4680,0x7e
4681,0x7e
4682,0x80
4683,0x83
4684,0x81
4685,0x80
4686,0x7e
4687,0x7e
4688,0x80
4689,0x83
4690,0x83
4691,0x83
4692,0x81
4693,0x83
4694,0x83
4695,0x81
4696,0x80
4697,0x80
4698,0x82
4699,0x83
4700,0x80
4701,0x7e
4702,0x7b
4703,0x7d
4704,0x7d
4705,0x80
4706,0x80
4707,0x80
4708,0x80
4709,0x80
4710,0x80
4711,0x80
4712,0x80
4713,0x80
4714,0x83
4715,0x81
4716,0x80
4717,0x7e
4718,0x80
4719,0x80
4720,0x80
4721,0x80
4722,0x80
4723,0x80
4724,0x83
4725,0x83
4726,0x83
4727,0x83
4728,0x81
4729,0x83
4730,0x83
4731,0x83
4732,0x80
4733,0x82
4734,0x80
4735,0x80
4736,0x80
4737,0x80
4738,0x80
4739,0x80
4740,0x82
4741,0x80
4742,0x80
4743,0x80
4744,0x80
4745,0x82
4746,0x83
4747,0x83
4748,0x83
4749,0x83
4750,0x81
4751,0x80
4752,0x83
4753,0x83
4754,0x83
4755,0x83
4756,0x85
4757,0x83
4758,0x80
4759,0x80
4760,0x80
4761,0x80
4762,0x82
4763,0x83
4764,0x80
4765,0x82
4766,0x83
4767,0x83
4768,0x83
4769,0x83
4770,0x83
4771,0x80
4772,0x80
4773,0x82
4774,0x82
4775,0x80
4776,0x80
4777,0x80
4778,0x80
4779,0x80
4780,0x82
4781,0x83
4782,0x83
4783,0x83
4784,0x80
4785,0x80
4786,0x80
4787,0x80
4788,0x83
4789,0x83
4790,0x83
4791,0x83
4792,0x83
4793,0x83
4794,0x83
4795,0x83
4796,0x83
4797,0x83
4798,0x83
4799,0x80
4800,0x80
4801,0x82
4802,0x83
4803,0x82
4804,0x80
4805,0x80
4806,0x80
4807,0x80
4808,0x80
4809,0x80
4810,0x80
4811,0x80
4812,0x80
4813,0x82
4814,0x83
4815,0x83
4816,0x80
4817,0x80
4818,0x80
4819,0x80
4820,0x80
4821,0x7e
4822,0x80
4823,0x80
4824,0x80
4825,0x80
4826,0x80
4827,0x80
4828,0x80
4829,0x80
4830,0x83
4831,0x83
4832,0x83
4833,0x81
4834,0x80
4835,0x80
4836,0x80
4837,0x80
4838,0x80
4839,0x80
4840,0x80
4841,0x80
4842,0x80
4843,0x80
4844,0x83
4845,0x83
4846,0x83
4847,0x80
4848,0x80
4849,0x7e
4850,0x7d
4851,0x7d
4852,0x80
4853,0x80
4854,0x80
4855,0x7e
4856,0x80
4857,0x80
4858,0x80
4859,0x80
4860,0x80
4861,0x80
4862,0x80
4863,0x7e
4864,0x7e
4865,0x80
4866,0x80
4867,0x80
4868,0x80
4869,0x80
4870,0x83
4871,0x83
4872,0x80
4873,0x7e
4874,0x7d
4875,0x7b
4876,0x7d
4877,0x80
4878,0x80
4879,0x80
4880,0x7e
4881,0x7d
4882,0x7d
4883,0x7d
4884,0x7d
4885,0x7d
4886,0x7d
4887,0x7d
4888,0x7d
4889,0x7d
4890,0x7d
4891,0x7d
4892,0x7d
4893,0x7d
4894,0x7d
4895,0x7b
4896,0x7d
4897,0x7e
4898,0x7e
4899,0x7e
4900,0x7e
4901,0x7e
4902,0x7e
4903,0x80
4904,0x7e
4905,0x7d
4906,0x7b
4907,0x7b
4908,0x7b
4909,0x7d
4910,0x7d
4911,0x7d
4912,0x7d
4913,0x7d
4914,0x7d
4915,0x7d
4916,0x7b
4917,0x7d
4918,0x7e
4919,0x7e
4920,0x7e
4921,0x7e
4922,0x7e
4923,0x7e
4924,0x7e
4925,0x80
4926,0x80
4927,0x7e
4928,0x7e
4929,0x7e
4930,0x7e
4931,0x7d
4932,0x7d
4933,0x7d
4934,0x80
4935,0x80
4936,0x7d
4937,0x7b
4938,0x7b
4939,0x7b
4940,0x7b
4941,0x7d
4942,0x7d
4943,0x7d
4944,0x7d
4945,0x7d
4946,0x7d
4947,0x7d
4948,0x7b
4949,0x7b
4950,0x7b
4951,0x7d
4952,0x7d
4953,0x7b
4954,0x7d
4955,0x7e
4956,0x80
4957,0x7e
4958,0x7b
4959,0x7d
4960,0x80
4961,0x7e
4962,0x7e
4963,0x7e
4964,0x7b
4965,0x7d
4966,0x7e
4967,0x80
4968,0x7e
4969,0x7d
4970,0x7b
4971,0x7d
4972,0x7d
4973,0x7d
4974,0x7b
4975,0x7b
4976,0x7d
4977,0x7d
4978,0x7d
4979,0x7d
4980,0x7d
4981,0x7d
4982,0x7b
4983,0x7d
4984,0x7e
4985,0x7b
4986,0x7b
4987,0x7d
4988,0x80
4989,0x80
4990,0x7e
4991,0x7e
4992,0x7e
4993,0x80
4994,0x81
4995,0x7e
4996,0x7e
4997,0x80
4998,0x81
4999,0x81
5000,0x80
5001,0x80
5002,0x7e
5003,0x7e
5004,0x7e
5005,0x80
5006,0x80
5007,0x7e
5008,0x7e
5009,0x7e
5010,0x7e
5011,0x7e
5012,0x7e
5013,0x7e
5014,0x7e
5015,0x7e
5016,0x7e
5017,0x7e
5018,0x7e
5019,0x7e
5020,0x7e
5021,0x7e
5022,0x7e
5023,0x80
5024,0x81
5025,0x81
5026,0x7f
5027,0x7e
5028,0x7e
5029,0x81
5030,0x81
5031,0x81
5032,0x81
5033,0x81
5034,0x81
5035,0x81
5036,0x83
5037,0x81
5038,0x7e
5039,0x7e
5040,0x7b
5041,0x7b
5042,0x7d
5043,0x7e
5044,0x7e
5045,0x7e
5046,0x7e
5047,0x7e
5048,0x7e
5049,0x7e
5050,0x7e
5051,0x7e
5052,0x7e
5053,0x81
5054,0x81
5055,0x81
5056,0x81
5057,0x81
5058,0x7f
5059,0x81
5060,0x7f
5061,0x7c
5062,0x7e
5063,0x80
5064,0x7e
5065,0x7e
5066,0x7c
5067,0x7b
5068,0x7e
5069,0x7e
5070,0x7e
5071,0x7e
5072,0x7e
5073,0x7e
5074,0x7e
5075,0x7e
5076,0x7e
5077,0x7e
5078,0x7c
5079,0x7b
5080,0x7e
5081,0x7c
5082,0x7b
5083,0x7c
5084,0x7e
5085,0x7e
5086,0x7e
5087,0x7e
5088,0x7e
5089,0x7e
5090,0x81
5091,0x7f
5092,0x7e
5093,0x7e
5094,0x7e
5095,0x7e
5096,0x7e
5097,0x7e
5098,0x81
5099,0x81
5100,0x7f
5101,0x7e
5102,0x81
5103,0x7f
5104,0x7e
5105,0x80
5106,0x81
5107,0x81
5108,0x7e
5109,0x7c
5110,0x7d
5111,0x7e
5112,0x7e
5113,0x7b
5114,0x7d
5115,0x7e
5116,0x7e
5117,0x7e
5118,0x7e
5119,0x7e
5120,0x7e
5121,0x7e
5122,0x7e
5123,0x7e
5124,0x7e
5125,0x7e
5126,0x81
5127,0x81
5128,0x81
5129,0x81
5130,0x7e
5131,0x7e
5132,0x7e
5133,0x7e
5134,0x7e
5135,0x80
5136,0x81
5137,0x81
5138,0x7e
5139,0x7e
5140,0x7e
5141,0x7e
5142,0x80
5143,0x81
5144,0x7e
5145,0x7e
5146,0x80
5147,0x81
5148,0x81
5149,0x81
5150,0x81
5151,0x81
5152,0x81
5153,0x7e
5154,0x7e
5155,0x7e
5156,0x83
5157,0x83
5158,0x81
5159,0x81
5160,0x81
5161,0x81
5162,0x81
5163,0x83
5164,0x81
5165,0x81
5166,0x81
5167,0x80
5168,0x80
5169,0x80
5170,0x7e
5171,0x7e
5172,0x7e
5173,0x80
5174,0x80
5175,0x7e
5176,0x7e
5177,0x80
5178,0x81
5179,0x81
5180,0x81
5181,0x81
5182,0x81
5183,0x81
5184,0x81
5185,0x7e
5186,0x7e
5187,0x80
5188,0x80
5189,0x80
5190,0x7e
5191,0x7b
5192,0x7e
5193,0x7e
5194,0x80
5195,0x83
5196,0x81
5197,0x81
5198,0x81
5199,0x81
5200,0x81
5201,0x81
5202,0x81
5203,0x81
5204,0x80
5205,0x80
5206,0x80
5207,0x7e
5208,0x7e
5209,0x80
5210,0x80
5211,0x81
5212,0x81
5213,0x83
5214,0x83
5215,0x83
5216,0x83
5217,0x83
5218,0x81
5219,0x80
5220,0x80
5221,0x80
5222,0x80
5223,0x80
5224,0x80
5225,0x80
5226,0x80
5227,0x80
5228,0x80
5229,0x80
5230,0x83
5231,0x81
5232,0x80
5233,0x81
5234,0x81
5235,0x81
5236,0x83
5237,0x85
5238,0x83
5239,0x81
5240,0x81
5241,0x81
5242,0x81
5243,0x81
5244,0x83
5245,0x83
5246,0x83
5247,0x81
5248,0x80
5249,0x80
5250,0x80
5251,0x80
5252,0x80
5253,0x81
5254,0x83
5255,0x83
5256,0x83
5257,0x81
5258,0x80
5259,0x80
5260,0x80
5261,0x80
5262,0x80
5263,0x80
5264,0x80
5265,0x81
5266,0x81
5267,0x81
5268,0x81
5269,0x83
5270,0x83
5271,0x83
5272,0x83
5273,0x81
5274,0x81
5275,0x81
5276,0x83
5277,0x83
5278,0x81
5279,0x81
5280,0x81
5281,0x81
5282,0x81
5283,0x81
5284,0x81
5285,0x83
5286,0x83
5287,0x83
5288,0x83
5289,0x81
5290,0x81
5291,0x81
5292,0x81
5293,0x81
5294,0x81
5295,0x81
5296,0x83
5297,0x81
5298,0x81
5299,0x80
5300,0x80
5301,0x80
5302,0x80
5303,0x7e
5304,0x7e
5305,0x7e
5306,0x7e
5307,0x7e
5308,0x7e
5309,0x80
5310,0x80
5311,0x81
5312,0x7e
5313,0x7e
5314,0x80
5315,0x81
5316,0x7e
5317,0x7e
5318,0x7e
5319,0x7e
5320,0x7e
5321,0x7e
5322,0x7b
5323,0x7b
5324,0x7d
5325,0x7e
5326,0x7e
5327,0x80
5328,0x7e
5329,0x7e
5330,0x7e
5331,0x7b
5332,0x7b
5333,0x7b
5334,0x7d
5335,0x7b
5336,0x7d
5337,0x80
5338,0x7e
5339,0x7e
5340,0x7e
5341,0x80
5342,0x80
5343,0x80
5344,0x7e
5345,0x7e
5346,0x7e
5347,0x7e
5348,0x80
5349,0x80
5350,0x7e
5351,0x80
5352,0x80
5353,0x80
5354,0x80
5355,0x80
5356,0x80
5357,0x7e
5358,0x80
5359,0x80
5360,0x7d
5361,0x7d
5362,0x7b
5363,0x7d
5364,0x7d
5365,0x7d
5366,0x80
5367,0x80
5368,0x7e
5369,0x80
5370,0x80
5371,0x80
5372,0x7e
5373,0x80
5374,0x7e
5375,0x7d
5376,0x80
5377,0x80
5378,0x7e
5379,0x7d
5380,0x7d
5381,0x80
5382,0x7e
5383,0x7d
5384,0x7d
5385,0x7d
5386,0x7d
5387,0x7d
5388,0x7d
5389,0x7e
5390,0x7e
5391,0x80
5392,0x80
5393,0x80
5394,0x80
5395,0x7e
5396,0x7e
5397,0x80
5398,0x7e
5399,0x7d
5400,0x7d
5401,0x7d
5402,0x7d
5403,0x7e
5404,0x7e
5405,0x80
5406,0x80
5407,0x80
5408,0x80
5409,0x7e
5410,0x7e
5411,0x7e
5412,0x80
5413,0x7e
5414,0x7e
5415,0x7e
5416,0x80
5417,0x80
5418,0x80
5419,0x7e
5420,0x7e
5421,0x80
5422,0x81
5423,0x83
5424,0x81
5425,0x81
5426,0x80
5427,0x80
5428,0x80
5429,0x80
5430,0x7e
5431,0x7e
5432,0x80
5433,0x80
5434,0x7e
5435,0x80
5436,0x80
5437,0x80
5438,0x81
5439,0x81
5440,0x81
5441,0x81
5442,0x81
5443,0x81
5444,0x81
5445,0x81
5446,0x81
5447,0x81
5448,0x81
5449,0x7e
5450,0x80
5451,0x80
5452,0x80
5453,0x7e
5454,0x7e
5455,0x80
5456,0x80
5457,0x7e
5458,0x7e
5459,0x7e
5460,0x80
5461,0x7e
5462,0x7e
5463,0x7c
5464,0x7e
5465,0x80
5466,0x81
5467,0x7e
5468,0x7e
5469,0x7e
5470,0x7e
5471,0x7e
5472,0x81
5473,0x7f
5474,0x7e
5475,0x7e
5476,0x7e
5477,0x7e
5478,0x7e
5479,0x81
5480,0x81
5481,0x7f
5482,0x7e
5483,0x7e
5484,0x7e
5485,0x7e
5486,0x7e
5487,0x7c
5488,0x7c
5489,0x7e
5490,0x7e
5491,0x7e
5492,0x7e
5493,0x7e
5494,0x7e
5495,0x7e
5496,0x7e
5497,0x7e
5498,0x7e
5499,0x7e
5500,0x7e
5501,0x7e
5502,0x7e
5503,0x7e
5504,0x7e
5505,0x7e
5506,0x7c
5507,0x7c
5508,0x7c
5509,0x7e
5510,0x7e
5511,0x81
5512,0x81
5513,0x7f
5514,0x7e
5515,0x7e
5516,0x7e
5517,0x7e
5518,0x7c
5519,0x7c
5520,0x7c
5521,0x7c
5522,0x7e
5523,0x7e
5524,0x7e
5525,0x7e
5526,0x7e
5527,0x7e
5528,0x7e
5529,0x7e
5530,0x7e
5531,0x7e
5532,0x7e
5533,0x7e
5534,0x7e
5535,0x7e
5536,0x7e
5537,0x7c
5538,0x7e
5539,0x7e
5540,0x7e
5541,0x7e
5542,0x7e
5543,0x7c
5544,0x7c
5545,0x7c
5546,0x7e
5547,0x7e
5548,0x7e
5549,0x7e
5550,0x7c
5551,0x7c
5552,0x7c
5553,0x7c
5554,0x7e
5555,0x7e
5556,0x7e
5557,0x7e
5558,0x7c
5559,0x7c
5560,0x7c
5561,0x7c
5562,0x7e
5563,0x7f
5564,0x7f
5565,0x7f
5566,0x7f
5567,0x7f
5568,0x81
5569,0x81
5570,0x7f
5571,0x7e
5572,0x7c
5573,0x7c
5574,0x7c
5575,0x7c
5576,0x7c
5577,0x7e
5578,0x7e
5579,0x7e
5580,0x7e
5581,0x7f
5582,0x7e
5583,0x7e
5584,0x7e
5585,0x7e
5586,0x7c
5587,0x7c
5588,0x7c
5589,0x7c
5590,0x7c
5591,0x7c
5592,0x7e
5593,0x7e
5594,0x7e
5595,0x7f
5596,0x7f
5597,0x7c
5598,0x7c
5599,0x7e
5600,0x7f
5601,0x7f
5602,0x7f
5603,0x7e
5604,0x7e
5605,0x7c
5606,0x7c
5607,0x7c
5608,0x7c
5609,0x7c
5610,0x7c
5611,0x7c
5612,0x7e
5613,0x7f
5614,0x7f
5615,0x7f
5616,0x7f
5617,0x7f
5618,0x7f
5619,0x7c
5620,0x7c
5621,0x7e
5622,0x7f
5623,0x7f
5624,0x7f
5625,0x7f
5626,0x7f
5627,0x7f
5628,0x7f
5629,0x7f
5630,0x7f
5631,0x7e
5632,0x7e
5633,0x7e
5634,0x7c
5635,0x7c
5636,0x7c
5637,0x7e
5638,0x81
5639,0x81
5640,0x81
5641,0x81
5642,0x7f
5643,0x7f
5644,0x81
5645,0x7f
5646,0x7f
5647,0x7f
5648,0x81
5649,0x81
5650,0x7f
5651,0x7f
5652,0x7f
5653,0x7f
5654,0x7f
5655,0x7f
5656,0x81
5657,0x81
5658,0x7f
5659,0x7f
5660,0x81
5661,0x82
5662,0x7f
5663,0x81
5664,0x7f
5665,0x81
5666,0x82
5667,0x81
5668,0x7f
5669,0x7f
5670,0x7f
5671,0x7f
5672,0x7f
5673,0x7f
5674,0x7f
5675,0x81
5676,0x7f
5677,0x7f
5678,0x7f
5679,0x7f
5680,0x7f
5681,0x81
5682,0x82
5683,0x82
5684,0x7f
5685,0x7f
5686,0x7f
5687,0x7f
5688,0x7f
5689,0x7f
5690,0x7d
5691,0x7c
5692,0x7f
5693,0x7f
5694,0x7f
5695,0x81
5696,0x7f
5697,0x7f
5698,0x7d
5699,0x7c
5700,0x7c
5701,0x7f
5702,0x7f
5703,0x81
5704,0x7f
5705,0x7f
5706,0x7f
5707,0x7f
5708,0x7f
5709,0x7d
5710,0x7c
5711,0x7c
5712,0x7c
5713,0x7c
5714,0x7f
5715,0x7f
5716,0x7f
5717,0x7f
5718,0x81
5719,0x82
5720,0x7f
5721,0x7f
5722,0x7f
5723,0x7f
5724,0x7f
5725,0x7f
5726,0x7f
5727,0x7f
5728,0x7f
5729,0x7f
5730,0x7c
5731,0x7c
5732,0x7e
5733,0x7f
5734,0x81
5735,0x81
5736,0x7f
5737,0x7f
5738,0x7f
5739,0x7c
5740,0x7e
5741,0x7f
5742,0x7f
5743,0x7f
5744,0x7c
5745,0x7e
5746,0x7e
5747,0x7c
5748,0x7e
5749,0x7e
5750,0x7e
5751,0x7e
5752,0x7c
5753,0x7c
5754,0x7e
5755,0x7f
5756,0x7f
5757,0x7f
5758,0x7f
5759,0x7f
5760,0x7f
5761,0x7f
5762,0x7f
5763,0x7f
5764,0x7f
5765,0x81
5766,0x81
5767,0x7f
5768,0x7f
5769,0x7f
5770,0x7e
5771,0x81
5772,0x7f
5773,0x7e
5774,0x7c
5775,0x7e
5776,0x7e
5777,0x81
5778,0x81
5779,0x81
5780,0x81
5781,0x81
5782,0x7f
5783,0x7e
5784,0x7e
5785,0x7e
5786,0x7e
5787,0x80
5788,0x7f
5789,0x7e
5790,0x7e
5791,0x81
5792,0x81
5793,0x81
5794,0x81
5795,0x7f
5796,0x7e
5797,0x7e
5798,0x81
5799,0x81
5800,0x7f
5801,0x7e
5802,0x81
5803,0x81
5804,0x81
5805,0x81
5806,0x81
5807,0x81
5808,0x81
5809,0x81
5810,0x81
5811,0x81
5812,0x81
5813,0x81
5814,0x81
5815,0x81
5816,0x7e
5817,0x7e
5818,0x7e
5819,0x7e
5820,0x7e
5821,0x7e
5822,0x80
5823,0x81
5824,0x81
5825,0x81
5826,0x7f
5827,0x81
5828,0x81
5829,0x83
5830,0x81
5831,0x81
5832,0x81
5833,0x81
5834,0x81
5835,0x81
5836,0x81
5837,0x81
5838,0x81
5839,0x81
5840,0x81
5841,0x81
5842,0x81
5843,0x83
5844,0x83
5845,0x83
5846,0x81
5847,0x81
5848,0x81
5849,0x83
5850,0x83
5851,0x81
5852,0x81
5853,0x81
5854,0x81
5855,0x81
5856,0x81
5857,0x81
5858,0x81
5859,0x81
5860,0x83
5861,0x81
5862,0x81
5863,0x83
5864,0x83
5865,0x81
5866,0x81
5867,0x81
5868,0x81
5869,0x83
5870,0x84
5871,0x84
5872,0x84
5873,0x81
5874,0x83
5875,0x83
5876,0x83
5877,0x83
5878,0x81
5879,0x81
5880,0x81
5881,0x81
5882,0x81
5883,0x81
5884,0x81
5885,0x83
5886,0x83
5887,0x81
5888,0x81
5889,0x81
5890,0x81
5891,0x81
5892,0x81
5893,0x83
5894,0x83
5895,0x81
5896,0x81
5897,0x81
5898,0x81
5899,0x83
5900,0x83
5901,0x81
5902,0x81
5903,0x81
5904,0x81
5905,0x83
5906,0x84
5907,0x83
5908,0x83
5909,0x83
5910,0x81
5911,0x81
5912,0x81
5913,0x81
5914,0x81
5915,0x81
5916,0x80
5917,0x80
5918,0x80
5919,0x80
5920,0x80
5921,0x80
5922,0x80
5923,0x80
5924,0x7e
5925,0x7e
5926,0x80
5927,0x81
5928,0x81
5929,0x81
5930,0x81
5931,0x81
5932,0x81
5933,0x81
5934,0x80
5935,0x7e
5936,0x7e
5937,0x7e
5938,0x7e
5939,0x80
5940,0x80
5941,0x80
5942,0x80
5943,0x7e
5944,0x7e
5945,0x7e
5946,0x80
5947,0x81
5948,0x81
5949,0x81
5950,0x81
5951,0x81
5952,0x81
5953,0x81
5954,0x80
5955,0x80
5956,0x7e
5957,0x7e
5958,0x80
5959,0x80
5960,0x7e
5961,0x7e
5962,0x7e
5963,0x80
5964,0x80
5965,0x80
5966,0x80
5967,0x80
5968,0x80
5969,0x80
5970,0x80
5971,0x80
5972,0x80
5973,0x80
5974,0x80
5975,0x80
5976,0x7e
5977,0x7b
5978,0x7d
5979,0x7d
5980,0x7d
5981,0x80
5982,0x80
5983,0x80
5984,0x80
5985,0x80
5986,0x80
5987,0x80
5988,0x80
5989,0x80
5990,0x7e
5991,0x7d
5992,0x80
5993,0x7e
5994,0x7d
5995,0x7d
5996,0x7d
5997,0x80
5998,0x80
5999,0x80
6000,0x7e
6001,0x7d
6002,0x7d
6003,0x80
6004,0x80
6005,0x80
6006,0x80
6007,0x7e
6008,0x7d
6009,0x7d
6010,0x80
6011,0x7e
6012,0x80
6013,0x80
6014,0x80
6015,0x80
6016,0x80
6017,0x7e
6018,0x7d
6019,0x80
6020,0x80
6021,0x7e
6022,0x7d
6023,0x7d
6024,0x80
6025,0x80
6026,0x80
6027,0x80
6028,0x80
6029,0x80
6030,0x7e
6031,0x80
6032,0x7e
